東京大学,"国立大学法人。1877年（明治10）4月12日創立。その起源は、1856年（安政3）江戸幕府設立の蕃書調所(ばんしょしらべしょ)（洋書調所、開成所と変遷）と江戸在住の蘭方(らんぽう)医師たちにより1858年に設けられた種痘所（西洋医学所、医学所と変遷）にまでさかのぼる。明治維新後、両校は新政府により復興され、1869年大学（本）校（昌平坂(しょうへいざか)学問所を再興）のもとに開成学校、医学校が統合された。同年12月、大学（本）校が大学と改称したのに伴い、大学南校、大学東校と改称した。しかし、大学が国・漢・洋学派の抗争で廃止された結果、両校は単に南校、東校と称し、新政府の直轄洋学教育機関として発展する。その後、南校は第一大学区第一番中学、開成学校、東京開成学校、他方東校は第一大学区医学校、東京医学校と変遷し、1877年東京大学として合併された。

　本郷の敷地の一部はもと加賀金沢前田家の上屋敷であり、1827年（文政10）に11代将軍徳川家斉(いえなり)の女(むすめ)溶姫が輿入(こしい)れする際に造営された赤門は現存する唯一のもので、国の重要文化財に指定されると同時に、東京大学の代名詞的存在になっている。発足当時の学部構成は法学、理学、文学、医学の4学部からなり、ほかに東京大学予備門（第一高等学校の前身）を所管していた。1881年（明治14）時点の教員数は36人（うち外国人教師16人）、学生数は370人であった。当時、東大経費は、文部省所管経費中の40％近くを占めていた。なお法学、理学、文学3学部は神田錦(にしき)町、医学部は本郷本富士町に分散し、本郷キャンパスに集結するのは帝国大学成立後である。こうした揺籃(ようらん)期を経て、1886年公布の帝国大学令により東京大学は帝国大学となり、他官省所管の法学校（司法省）、工部大学校（工部省）といった専門教育機関を包摂して成立し、日本唯一の大学として学校体系の頂点にたつとともに、国家機関的性格を強めた。

　帝国大学は法科、医科、工科、文科、理科の五つの分科大学と一つの大学院から組織され、修業年限は3年（医科は4年）である。1897年京都帝国大学の創設に伴い、東京帝国大学と改称するまでの期間に大学諸組織の設置をみていた。まず、大学の統括者として総長名の採用、大学の実質的な最高意思決定機関としての評議会の設置（1886）、講座制の採用（1893）、分科大学教授会の設置（1893）、名誉教授制の採用（1893）など、近代日本における大学の範型を形成していった。帝国大学発足と同時に、総長は法科大学長を兼任し、あわせて東京府下の五大私立法律学校（現、専修大学、明治大学、早稲田(わせだ)大学、中央大学、法政大学）の教育課程を監督する権限を与えられた。また、文官試験試補及見習規則（1887）により帝国大学卒業生は事実上無試験任用の特典が付与された。1890年には農科大学（旧、東京農林学校・農商務省所管）を設置した。1897年（明治30）から1947年（昭和22）までの50年間、東京帝国大学時代となる。大正なかばまで制度および実態上に大きな変化はみられず、その規模を拡大していった。伝染病研究所（1916）、航空研究所（1921）などの附置研究所が誕生し、演習林も旧植民地等（台湾、朝鮮、樺太(からふと)）へ拡大していった。

　1918年（大正7）大学令が公布され、帝大以外に官公私立大学の設置が法認された。また分科大学制が学部制に改められ、学部を構成原理とする総合大学制が採用された。東京帝国大学においてもこの時期さまざまの改革が行われた。(1)4月学年開始（従前9月）、(2)優等生・特待生の廃止、(3)卒業式の廃止（ただし1928年復活）、(4)教授・助教授の定年制（60歳）、(5)総長・学部長候補者の選挙などが逐次実施されていった。学部・研究所の増設も行われ、学部では経済学部（1919）、ついで第二工学部（1942年、1951年閉学）があり、附置研究所では東京天文台、地震研究所をはじめ、第二次世界大戦前東京帝大唯一の人文系の研究所として東洋文化研究所、戦争末期に至り南方自然科学研究所（1946年立地自然科学研究所と改称、1952年廃止）、輻射(ふくしゃ)線化学研究所（1950年廃止）が設けられた。戦後改組・廃止されたものを含めて、1945年の敗戦までに七つの附置研究所があった。また、この時期、大講堂（通称安田講堂）の竣工(しゅんこう)（1925）、農学部の目黒区駒場(こまば)から本郷弥生(やよい)町への移転（1935年、旧制第一高等学校との敷地交換）などがあった。東京大学は1905年（明治38）の戸水(とみず)事件をはじめ、大正から昭和戦前期にかけて、大学の自治、学問の自由をめぐる諸事件に数多く遭遇した。森戸事件（1920）、矢内原事件（1937）、教授グループ事件（1938）、荒木貞夫(さだお)文相による総長・教授・助教授の選挙問題を含む大学改革問題などがあげられ、とくに1938年（昭和13）平賀譲(ひらがゆずる)総長が経済学部教授河合栄治郎・土方成美(ひじかたなるみ)の休職処分を上申した、いわゆる平賀粛学は世間の耳目を驚かせた。1941年、学部通則の改正が行われ、大正期以降中止されていた入学者宣誓の復活、家庭連絡者連署の在学証書の提出をはじめとして、全学講義、特設防護団、全学会などが組織され、東京帝大の戦時体制が成立した。第二次世界大戦の敗戦直後から連合国軍による接収問題、教職員・学生の宿舎問題、教授の復帰と公職追放などの難問が生じるとともに、戦時体制の払拭(ふっしょく)が進行した。そのなかでも、1946年（昭和21）の女子学生の入学は創立以来のことで、明るいニュースであった。1947年東京帝国大学は東京大学（旧制）となり、社会科学研究所、新聞研究所（現、大学院情報学環）など新しい研究所が設置された。1949年には国立学校設置法が公布、新制東京大学が発足する。新制東京大学は旧制第一高等学校、旧制東京高等学校を包摂し、教養学部、教育学部を設置、9学部、10附置研究所で出発した。1958年には薬学部が設けられた。1968年医学部研修医問題に端を発した紛争が起こり、それにより1969年度の入学試験が中止された。1977年創立100年を迎えた。1981年附置研の宇宙航空研究所、1988年東京天文台が文部省（現、文部科学省）に移管され、それぞれ宇宙科学研究所、国立天文台となった。1996年（平成8）東京大学総合研究博物館を開設。2010年（平成22）時点で、東京大学には10学部、13大学院研究科、2大学院教育部、2大学院研究部、11附置研究所と、それらに附属する多数の教育研究施設等および3全国共同利用施設がある。学部学生1万4128人、大学院学生1万3894人、研究生等570人、合わせて在学生総数2万8592人（2011年5月時点）となっている。そのうち外国人学生は学部241人、大学院2299人、研究生等361人である。学部卒業生は旧制9万1453人、新制15万3978人（2006年3月）、総計24万5431人に上る。2004年4月、国立大学法人法の施行に伴い、国立大学法人となる。本部は東京都文京区本郷7-3-1。国立大学法人。起源は江戸幕府直轄の諸学校にさかのぼるが，直接には 1877年に創設された東京大学を主要な母体とし，当時は法学，理学，文学，医学の4学部であった。 1886年帝国大学となり，法学，医学，工学，文学，理学の5分科大学が置かれた。その後 1890年に農科大学を増設。 1897年東京帝国大学と改称。 1919年大学制度の改革により，分科大学は学部となり経済学部を増設。 1947年に東京大学と改称。 1949年には学制改革により第一高等学校，東京高等学校，東京大学付属医学専門部を統合して新制の大学となった。現在は教養，文学，教育学，法学，経済学，理学，医学，薬学，工学，農学の 10学部を置く。 1953年大学院設置。本部は東京都文京区本郷にある。東京都文京区に本部を置く国立大学。起源は江戸幕府が設立した開成所と医学所（西洋医学所）。両者の後身である東京開成学校と東京医学校を合併，1877年日本最初の官立大学として東京大学を設立。1886年帝国大学となり，1897年東京帝国大学，1947年東京大学と改称。1949年一高（1886年創立），東京高校（1921年）等を統合，新制大学となる。2004年４月より国立大学法人へ移行。教養，文，教育，法，経済，理，医，薬，工，農の各学部（2012年４月現在）。史料編纂所，社会科学，社会情報，東洋文化，医科学，地震，生産技術，原子核，物性などの各研究所を付設。東京都文京区本郷に本部をもつ国立総合大学。目黒区駒場に教養学部があるほか，全国各地に約50の付属研究施設，演習林などをもつ。明治維新直後，新政府は幕府直轄の昌平坂学問所，開成所(開成学校)，医学所(西洋医学所)を統合して大学校(のち大学)を建設した。紆余曲折を経て1871年(明治4)大学本校(旧，昌平坂学問所)が廃止され，他の2校が南校(大学南校)，東校として残り，東京開成学校，東京医学校時代を経て，1877年この2校が併合され，文部省所管の官立東京大学が創設された。"
京都大学,"国立大学法人。1897年（明治30）勅令（209号）により、法科、医科、文科、理工科の4分科大学を置く京都帝国大学として設置された。まず理工科大学（1897）が、続いて法科大学、医科大学（1899）、文科大学（1906）の順に開設され、当初の構想が実現された。その後、理工科大学は理科大学と工科大学に分離（1914）した。1919年（大正8）の帝国大学令改正により各分科大学は学部と改称され、理学部、工学部、法学部、医学部、文学部となった。大正年間に経済学部（1919）、農学部（1923）が増設され、一大発展を遂げた。

　1949年（昭和24）新制大学への移行に際し、教育学部の新設、旧制第三高等学校を母体とする教養部（1992年、総合人間学部に改組）の設置、1960年医学部から薬学部が分離独立し、現在の10学部体制となった。大学院は総合人間学部をのぞく9学部に研究科（博士課程）が設置されているほか、1996年（平成8）にはエネルギー科学研究科、1997年には人間・環境学研究科、1998年にアジア・アフリカ地域研究科、情報学研究科、1999年生命科学研究科が新設された。2002年（平成14）には地球環境学舎（教育部）、地球環境学堂（研究部）を設置。2006年には公共政策連携研究部、公共政策教育部、経営管理研究部、経営管理教育部を設置。大規模な附置研究所が各分野にわたって設置され、人文系の人文科学研究所、経済研究所、理工系の化学研究所、エネルギー理工学研究所、生存圏研究所、再生医科学研究所、ウイルス研究所、iPS細胞研究所がある。さらに防災研究所、基礎物理学研究所、数理解析研究所、原子炉実験所、霊長類研究所は全国共同利用研究所として運営されている。このほか、東南アジア研究所をはじめ、30以上の附設教育研究施設がある。2004年4月、国立大学法人法の改正に伴い、国立大学法人となる。

　歴史的に京都大学は自由な学風を特色とし、第二次世界大戦前の沢柳事件、滝川事件などを通じて大学の自治の確立を目ざそうとしたことでも知られている。第二次世界大戦後は、人文科学研究所の特色ある共同研究、湯川秀樹(ゆかわひでき)をはじめ、朝永振一郎(ともながしんいちろう)、福井謙一(けんいち)、利根川進(とねがわすすむ)、野依良治(のよりりょうじ)など理工系分野でノーベル賞受賞学者を輩出するなど、京都学派を形成している。本部は京都市左京区吉田本町。国立大学法人総合大学。 1897年に創設された京都帝国大学が前身。同 1897年理工科大学が設けられたのをはじめ，1899年に法科大学および医科大学，1906年には文科大学が増設された。 1919年，帝国大学令改正により従来の分科大学は学部となり，法学，医学，工学，文学，理学の5学部に改められ，さらに同 1919年経済学部，1925年に農学部が増設された。第2次世界大戦後京都大学と改称され，さらに 1949年学制改革により旧制の第三高等学校を併合して改編し，新制の大学となった。文学，教育学，法学，経済学，医学，薬学，理学，工学，農学と総合人間学の 10学部を置く。 1953年大学院を設置。また化学研究所，人文科学研究所など9研究所，基礎物理学研究所，原子炉実験所など4共同利用研究所が付置されている。本部は京都府京都市左京区吉田本町。京都市にある国立大学。旧制京都大学（1897年創立の京都帝国大学を1947年改称），同付属医専（1939年），三高（1886年）を統合し，1949年新制大学として発足。2004年４月より国立大学法人へ移行。文，教育，法，経済，理，医，薬，工，農，総合人間の各学部を置き，人文科学，経済，化学，エネルギー理工学，基礎物理学，ウイルス，霊長類などの各研究所，東南アジア研究所などを付設。京都市左京区に本部をおく旧制帝大系の国立総合大学。東京に帝国大学が創設されると関西にも大学を設置する計画や運動が続けられ，1897年法･医･文･理工の4分科大学からなる京都帝国大学が創設され(初代総長は木下広次)，まず理工科大学が開設された。99年に法科大学と医科大学が，1906年に文科大学が開設され，14年に理工科大学は理科大学と工科大学に分かれた。19年帝国大学令の改制により，従来の分科大学を学部に改め，法･医･文･理･工の5学部をおいた。"
早稲田大学,"私立。1882年（明治15）大隈重信(おおくましげのぶ)により東京府南豊島(みなみとしま)郡戸塚村に東京専門学校として開校。1881年（明治14）挂冠(けいかん)した大隈は、政党のほかに、学問を政治より独立させ自由の精神を養う私学創設の念やみがたく、小野梓(あずさ)に諮り、小野のもとに集まる高田早苗(さなえ)、天野為之(ためゆき)ら7人の鴎渡(おうと)会の青年たちの助力を得て体制を整え、翌1882年10月21日、東京専門学校を開校した。開校時、政治経済学科、法律学科、理学科（1883年廃止）の3科と英語学科を置き、3科はもっぱら邦語をもって講義する。入学金1円、授業料月1円、修業期限3年。1886年小野が没し、高田の発案により大隈家から経済的に独立し、別に政治、法律2科の講義録による通信教育を始めた（校外生）。1890年坪内雄蔵（逍遙(しょうよう)）の提議により文学科を創設、翌1891年『早稲田文学』創刊。1902年（明治35）9月、早稲田大学と改称。1904年大学部に商科開設。その翌年清(しん)国（中国）留学生部を置き一時は800人を受け入れたが1910年に閉鎖。
私立大学。前身は 1882年大隈重信が創設した東京専門学校。学問の独立を標榜し，政治経済学科，法律学科，理学科，英学科の 4学科で発足した。1902年現校名に改称，1920年大学令による大学として認可され，1949年新制大学となった。政治経済学部，法学部，教育学部，商学部，社会科学部，人間科学部，スポーツ科学部，国際教養学部，文化構想学部，文学部，基幹理工学部，創造理工学部，先進理工学部を置く。1951年大学院を設置。理工学術院総合研究所，坪内博士記念演劇博物館（→演劇博物館）などを併設。本部所在地は東京都新宿区。東京都新宿区に本部を置く私立大学。1882年大隈重信らが学問の独立を標榜(ひょうぼう)して創立した東京専門学校に始まる。1902年現名に改称，大学部，専門部，高等予科，研究科を開設。1920年大学令による大学，1949年新制大学に移行。政治経済，法，第一文，第二文，文，文化構想，教育，商，基幹理工，創造理工，先進理工，社会科学，人間科学，スポーツ科学，国際教養の各学部（2012年４月現在）。社会科学，現代政治経済などの研究所，演劇博物館を付設。反官学の在野精神が伝統で，私学として慶応義塾大学と並称される。また東京専門学校開校の翌年から坪内逍遥が教壇に立ち，その文学教育は雑誌《早稲田文学》とともに多くの文学者を輩出する伝統を築いた。2007年11月，創立125周年を機に〈早稲田大学坪内逍遥大賞〉が創設され，第１回の大賞受賞者には村上春樹，奨励賞には川上未映子が選ばれた（授賞は隔年）。東京都新宿区西早稲田に本部をおく私立大学。慶応義塾と双璧をなす日本の私学の雄である。国会開設をめぐる政治抗争で下野した大隈重信が小野梓，高田早苗，天野為之らと1882年現在地に開設した東京専門学校を起源とする。開設当初から政治的風圧が強く，これに抗して反骨･在野の精神を貫く学風を築きあげてきた。1917年の大山郁夫の大学改革運動，23年の軍事研究団事件(早稲田軍教事件)など，政治革新を求めた〈早大事件〉は数多い。

　1907年、創立25周年に校歌（『都の西北』相馬御風(ぎょふう)詞、東儀鉄笛(とうぎてってき)曲）制定。1909年理工科開設。翌1910年野球部など7部を統轄して体育部発足。創立30周年は諒闇(りょうあん)により1年延期し、1913年（大正2）大学としての「教旨(きょうし)」が出された。その意は学問の独立、学問の活用、模範国民の造就で、大学の校是を示すものであった。1917年、学長問題で世にいう「早稲田騒動」が起こったが、平沼淑郎(よしお)（1864―1938）が代表者として事を収めた。その年、新大学令公布、大学はただちに準備を進め、申請、1920年2月認可された。1922年1月大隈没、国民葬。大隈邸が大学に寄付され大隈会館として、一隅に大隈記念講堂開館（1927）。その前々年の1925年には図書館、このあとの1928年（昭和3）演劇博物館竣工(しゅんこう)。

　1932年創立50周年を迎えるが、このころから日本は満州事変、日中戦争、やがて第二次世界大戦へと突入し、大戦下の1945年5月、空襲により諸施設の3分の1、延べ9000坪を焼失。戦後、1949年（昭和24）4月新構想による大学発足。学部を政治経済学部、法学部、文学部、商学部、理工学部ともに第一、第二に分け、高等師範部を母体とした教育学部を加えて11学部とした。早稲田高等学院など学校4、図書館・研究所等附属機関5。専任教職員1265人、学生2万4329人であった。1951年新制大学院として政治学、経済学、法学、文学、商学、工学（1961年理工学と改める）の6研究科発足。1956年2月、アメリカのミシガン州立大学と提携し生産性向上に関する共同研究を開始、大学内に生産研究所を設置する。翌1957年、創立75周年式典（10月21日）前日、記念会堂竣工、立席を加えて1万人を収容する。1966年社会科学部設置。ミシガン州立大学提携前後より海外との交流しだいに多く、1963年国際部開設、諸外国大学との学術交流協定も多くなる。1982年創立100周年を記念して諸事業を計画し、埼玉県所沢市三ヶ島(みかじま)に人間科学部、人間総合研究センターを1987年に開設、1990年（平成2）教育学、1991年に人間科学、1994年には社会科学の各大学院研究科を設置した。また、1991年には安部(あべ)球場跡地に総合学術情報センターが開館。1997年、社会科学研究所とシステム科学研究所を改組し、アジア太平洋研究センターを、同時にアジア太平洋研究科を設置、アジア太平洋地域との共生、世界にむけての情報発信拠点を目ざす。その後の改組を経て、2010年（平成22）時点で、政治経済学、法学、文化構想学、文学、教育学、商学、基幹理工学、創造理工学、先進理工学、社会科学、人間科学、スポーツ科学、国際教養学の13学部と、政治学、経済学、法学、文学、商学、基幹理工学、創造理工学、先進理工学、教育学、人間科学、社会科学、スポーツ科学、アジア太平洋、国際情報通信、日本語教育、情報生産システム、公共経営、法務、ファイナンス、会計、環境・エネルギー、教職の22大学院研究科を擁する。学部・大学院の学生数は5万4179人、うち留学生は3124人。2010年度の専任教員は2179人。所在地は東京都新宿区西早稲田1-6-1ほか。"
慶應義塾大学,"私立。1858年（安政5）、福沢諭吉が江戸・築地(つきじ)鉄砲州(てっぽうず)（現東京都中央区）中屋敷に蘭学(らんがく)を教える「一小家塾」を開いたのを起源とする。1868年（慶応4）に芝新銭座に塾舎を新築移転し、欧米の共立学校の制に倣い、入塾者を社中とよび、社中共立経営の新しい学塾とした。塾名をかりに時の年号にちなみ「慶応義塾」とした。1871年（明治4）現在の地三田(みた)（港区）に移転を機に、従来の規則類を改訂整備し、『慶応義塾社中之約束』を刊行した。その後、義塾の維持経営は困難化し、1880年には福沢は義塾の解散を考えるに至ったくらいであったが、新しい時代に生き残るため、アメリカのハーバード大学から主任教師を招き、あわせて経営のため資本金募集を行うなどして、1890年、文学・理財・法律科からなる私学最初の慶応義塾大学部を設立した。1898年、義塾の学制全般を改め、幼稚舎、普通科、大学科の体系に編成、大学科卒業者を義塾卒業者とする一貫教育制度を確立した。私立総合大学。その起源は安政5 (1858) 年に福沢諭吉が江戸鉄砲洲に開設した洋学塾。慶応4 (1868) 年芝新銭座に移して慶應義塾と称した。塾を会社組織とし，入塾する「社中」の協力により維持運営する組織とした。明治4 (1871) 年現在の三田に移転，1890年大学部を設け，理財，法律，文学の3学科を置いた。 1898年に学制を改め，幼稚舎 (小学校) から大学科まで一貫教育の形態を整えた。 1917年北里柴三郎が医学科を設け，1920年に大学令による大学となる。その後学部の増設を重ね，1944年には藤原銀次郎が創設した藤原工業大学をあわせて工学部を設置した。 1949年の学制改革により新制の大学となった。文学，経済学，法学，商学，医学，理工学，総合政策学，環境情報学，看護医療学の各学部を置き，2008年共立薬科大学と合併して薬学部を増設，10学部となった。 1951年大学院を設置。図書館，医学部付属病院，産業研究所などの研究機関をはじめ，多くの付属研究所を設けている。本部所在地は東京都港区。東京都港区三田にある私立大学。1858年(安政5)福沢諭吉が中津藩の命により築地鉄砲洲に開設した蘭学塾を起源とする。62年(文久2)福沢訪欧後，これが英学塾に改められ江戸有数の家塾となった。その後，福沢はイギリスのパブリック･スクールの制度にならって68年(慶応4)，芝新銭座への移転を機に，士族教育の家塾から庶民に開放された〈独立結社の義塾〉へ転身，来塾入社する者を社中と呼び，その協力で学校を維持する仕組みとした。

　1920年（大正9）、「大学令」による大学として新発足し、文学、経済学、法学、医学の4学部からなる最初の私立の総合大学となり、予科、大学院を付設した。1939年（昭和14）義塾出身者の藤原銀次郎が設立した藤原工業大学が、1944年に義塾の工学部となった。1947年（昭和22）慶応義塾大学は1小学校（幼稚舎）、2中学校（普通部、中等部）、3高等学校、5学部（文学、経済学、法学、医学、工学）、6大学院研究科を根幹とする学校法人となり、1949年に旧制大学から新制大学へと移行した。

　1958年に創立100周年を迎えた慶応義塾大学は、前年の1957年に商学部を、1981年には理工学部（工学部は1984年廃止）を新設し、2010年（平成22）時点で、文学、経済学、法学、商学、医学、理工学、総合政策学、環境情報学、看護医療学、薬学の10学部に通信教育部（文学、経済学、法学）をもつ学部課程と、文学、経済学、法学、社会学、商学、医学、理工学、経営管理、政策・メディア、法務、健康マネジメント、薬学、システムデザイン・マネジメント、メディアデザインの14研究科からなる大学院を擁する。1987年に慶応義塾看護短期大学を併設（2007年廃止）。あわせて大学病院、国際センター、言語文化研究所、メディア・コミュニケーション研究所（1996年新聞研究所が名称変更）などの各種の研究施設をもち、一方で小・中・高等学校の一貫教育を行う、最古の伝統を誇る総合学園として、私学における指導的存在となっている。本部は東京都港区三田2-15-45。"
熊本大学,国立大学法人。1949年（昭和24）旧制第五高等学校（1886年創立）、熊本高等工業学校、熊本薬学専門学校、熊本医科大学、熊本医科大学附属医学専門部、熊本師範学校、熊本青年師範学校を統合し、法文学、教育学、理学、薬学、医学、工学の6学部からなる新制国立大学として発足。1979年法文学部を分離改組して文学部と法学部を設置、文学、教育学、法学、理学、医学、薬学、工学の7学部、1教養部体制となり、1997年（平成9）教養部を廃止した。大学院は2010年（平成22）時点で、教育学、社会文化科学、自然科学の各研究科と医学教育部、保健学教育部、薬学教育部、法曹養成研究科、生命科学研究部が設置されている。1976年医療技術短期大学部が併設された（2003年改組され医学部保健学科となる）。学部附属教育研究施設として、発生医学研究所、衝撃・極限環境研究センターなどのほか薬用資源エコフロンティアセンター（旧称薬用植物園）、附属病院がある。2004年4月、国立大学法人法の施行に伴い、国立大学法人となる。本部は熊本市中央区黒髪2-39-1。国立大学。1949年に第五高等学校，熊本師範学校，熊本青年師範学校，熊本医科大学（付属医学専門部を含む），熊本薬学専門学校，熊本工業専門学校を統合して，新制大学として発足。法文学部，教育学部，理学部，医学部，薬学部，工学部の 6学部を置いた。1979年法文学部を改組して文学部，法学部を設置し，7学部体制となる。1955年大学院を設置。本部は熊本県熊本市にある。熊本市にある国立大学。熊本医大（1922年創立。淵源は藩の医学講習所再春館），同付属医専（1939年），五高（1886年），熊年本工専（1897年），熊本薬専（1925），熊本師範（1943年），同青年師範（1944年）を統合し，1949年新制大学として発足。2004年４月より国立大学法人へ移行。文，教育，法，理，医，薬，工の各学部（2012年４月現在）。
千葉大学,国立大学法人。1949年（昭和24）東京高等工芸学校、千葉医科大学、同医学専門部、同薬学専門部、千葉高等園芸学校、千葉師範学校、千葉青年師範学校、東京医科歯科大学予科を統合して新制の国立大学となった。発足当初は5学部（学芸学、医学、薬学、工芸学、園芸学）であったが、その後学部の増設・改組が行われ、2010年（平成22）時点で、9学部（文学、教育学、法経学、理学、医学、薬学、看護学、工学、園芸学）に、大学院は教育学、理学、看護学、工学、園芸学、人文社会科学、融合科学、専門法務の8研究科、医学、薬学の2研究院および医学薬学府を擁する総合大学に発展している。1996年（平成8）に東京学芸大学に設置された大学院連合学校教育学研究科に参加している。これは4大学（千葉大学、東京学芸大学、埼玉大学、横浜国立大学）連合により設置された後期3年のみの博士課程の研究科で、各大学の教育学部（横浜国立大学は教育人間科学部）および教育学研究科（修士課程）を基盤として編成されているが、それぞれの研究科とは独立している。附属研究施設に環境リモートセンシング研究センター、海洋バイオシステム研究センター、バイオメディカル研究センターなどがある。2004年4月、国立大学法人法の施行に伴い、国立大学法人となる。本部は千葉県。国立大学。千葉医科大学（付属医学専門部，薬学専門部を含む），千葉師範学校，千葉青年師範学校，東京工業専門学校，千葉農業専門学校を統合して，1949年に学芸学部，医学部，薬学部，工芸学部，園芸学部の 5学部からなる新制大学として発足。数次にわたる学部の改組，増設を経て，文学部，教育学部，法政経学部，理学部，医学部，薬学部，看護学部，工学部，園芸学部，国際教養学部の 10学部を置く。1955年大学院を設置。真菌医学研究センター，環境リモートセンシング研究センター，海洋バイオシステム研究センターなどを併設。本部所在地は千葉県千葉市。千葉市に本部を置く国立大学。千葉医大，同付属薬専（ともに1923年創立），東京工専（1921年），千葉農専（1929年），千葉師範（1943年），同青年師範（1944年），東京医科歯科大予科（1946年）等を統合，1949年新制大学として発足。2004年４月より国立大学法人へ移行。文，法経，教育，理，医，薬，看護，工，園芸の各学部（2012年４月現在）。
東京理科大学,"私立。東京大学を卒業した日本最初の青年理学士らによって、当時軽視されていた物理・化学教育向上のために、1881年（明治14）創設された東京物理学講習所を前身とする。1883年東京物理学校と改称、1949年（昭和24）新制大学となった。2010年（平成22）時点で、理学部第一部、同第二部、薬学部、工学部第一部、同第二部、理工学部、基礎工学部、経営学部の8学部33学科と、理学、薬学、工学、理工学、基礎工学、経営学、生命科学、総合科学技術経営、総合化学、科学教育、国際火災科学の11研究科の大学院からなる。「理学の普及を以(もっ)て国運発展の基礎とする」との創設時の伝統と、厳しい実力養成を維持し、理工系の総合大学として発展している。本部は東京都新宿区神楽坂。
私立大学。 1881年創立の東京物理学講習所 (1883年東京物理学校に改称) を前身とし，1949年に新制大学として開学。理学部，工学部 (各第1部，第2部) ，薬学部，理工学部，基礎工学部，経営学部を置く。 1958年に大学院を設置。総合研究機構，情報科学教育センターなどを併設する。本部所在地は東京都新宿区。東京都新宿区にある私立大学。1881年中村精男，寺尾寿ら東京大学理学部物理学科卒業生によって東京物理学講習所として設立され，83年東京物理学校と改称された。物理学，数学を中心として中等学校教員の養成も行い，1917年専門学校令により専門学校として認可され，第2次大戦後の49年新制の東京理科大学となった。現在，理学，工学，薬学，理工学，基礎工学，経営学の各学部のほか7研究科からなる大学院をおき，理学部，工学部には2部が設けられている。"
東京工業大学,国立大学法人。起源は1881年（明治14）東京の蔵前(くらまえ)に創設された官立東京職工学校。1890年東京工業学校、1901年（明治34）東京高等工業学校となり、1929年（昭和4）東京工業大学（旧制）に昇格、1949年（昭和24）新制の国立大学になった。1967年理工学部を理学部と工学部に改組し、1990年（平成2）には生命理工学部を設置。2010年（平成22）時点で3学部からなる。大学院は理工学、生命理工学、総合理工学、情報理工学、社会理工学、イノベーションマネジメントの6研究科が設置されている。本部のほか1975年に新設された長津田地区（横浜市緑区）に、資源化学研究所、精密工学研究所、応用セラミックス研究所の3附置研究所、像情報工学研究所などがあり、研究を中心とする新キャンパスを形成している。原子炉工学研究所や教育工学開発センターなどは本部地区にある。2004年4月、国立大学法人法の施行に伴い、国立大学法人となる。本部は東京都目黒区大岡山。国立大学法人。 1881年創設された東京職工学校を起源とし，1890年に東京工業学校，1901年に東京高等工業学校，1929年に東京工業大学となった。実地に即応した工業教育を行なう目的で創立されたが，その後工業界の指導的人材の養成に大きな役割を果たした。旧所在地が東京の蔵前であったので「蔵前」とも通称された。 1949年新制の大学に移行。理学，工学，生命理工学の3学部を置く。 1953年大学院設置。本部は東京都目黒区大岡山にある。東京都目黒区大岡山にある国立大学。その歴史は古く，1881年に東京職工学校が浅草蔵前に設立されたときに始まる。90年に東京工業学校，1901年に東京高等工業学校と改称したが，とくに1890年校長に就任した手島精一は，同校の発展に大きく寄与した。関東大震災で被災したため1924年現在地に移り，29年東京工業大学に昇格した。第2次大戦後単独で新制大学となり，67年理，工の2学部となった。現在，理･工･生命理工の3学部と，5研究科からなる大学院をおく。
一橋大学,"国立大学法人。起源は1875年（明治8）森有礼(ありのり)の私設になる商法講習所に発する。1884年農商務省の直轄となり東京商業学校と改称。翌1885年文部省直轄となり、東京外国語学校と合併して神田一ツ橋に場所を移す。現大学名はこれに由来する。その後、1902年（明治35）東京高等商業学校と改称、1920年（大正9）東京商科大学となる。大学には学部のほかに予科、商学専門部、商業教員養成所が置かれ、日本で最初の社会科学系大学として発展。明治・大正期を通じて、日本の経済社会の発展を担う多くの人材を輩出した。1927（昭和2）～1930年、一ツ橋から現在地に移転。

　1949年（昭和24）旧制東京商科大学を改組して一橋大学とし、商学部、経済学部、法学社会学部を置く新制国立大学となった。1951年法学社会学部を法学部と社会学部とに分離改組し、4学部体制となる。ゼミナール制度を軸とする教育体制は第二次世界大戦前からの伝統で、実学的であると同時にアカデミックな独自の学風を築いてきた。大学院は、法学、社会学、経済学、商学の全分野に博士課程の研究科が設置されているほかに1996年（平成8）言語社会研究科が、1998年には国際企業戦略研究科が置かれた。ほかに2005年（平成17）設置の国際・公共政策教育部および国際・公共政策研究部がある。附置研究所に経済研究所（1940年創設の東亜経済研究所が前身）があるほか、附属教育研究施設としてイノベーション研究センター、内外の社会科学古典の豊富なコレクションで知られる社会科学古典資料センターなどがある。2004年4月、国立大学法人法の施行に伴って、国立大学法人となる。本部は東京都国立。国立大学法人。前身は 1875年森有礼を中心として創設された商法講習所。 1884年東京商業学校となる。 1887年高等商業学校と改称。 1920年大学令によって東京商科大学となり，1944年東京産業大学と改称，1947年再び東京商科大学となった。 1949年学制改革により一橋大学となり，商学部，経済学部，法学社会学部の3学部を置いた。 1951年法学社会学部が法学部と社会学部に分離して4学部となった。入学定員は 955人 (2007) 。 1953年大学院を設置。経済研究所を併設している。本部所在地は東京都国立市。東京都国立市に本部を置く国立大学。起源は1875年森有礼が商業教育施設として私設した商法講習所。1884年国に移管され東京商業学校，1887年高等商業学校，1902年神戸高等商業（神戸大学）の設立とともに，東京高等商業学校，1920年東京商科大学となり，1930年神田から北多摩郡谷保村（今の国立市）に移転。高度の商業研究・教育の中心であり，商工の実業界と教育界に多数の人材を送りこんだ。1949年予科等を統合し新制大学に移行，改称。2004年４月より国立大学法人へ移行。商，経済，法，社会の各学部（2012年４月現在）。経済研究所を付設。東京都国立市に本部を置く国立大学。小平市に分校がある。1875年森有礼が洋式の商業教育施設として東京尾張町に設立した私立の商法講習所が源流。同所は翌76年に東京府立，84年には農商務省直轄学校となって東京商業学校と改称した。85年文部省に移管，東京外国語学校を吸収合併して神田一ッ橋に移転した。87年教育課程を改めて高等商業学校と改称，さらに1902年，神戸高等商業学校(神戸大学)が設立されたため東京高等商業学校(東京高商)と改称した。"
立教大学,私立。1874年（明治7）にアメリカ聖公会宣教師のC・M・ウィリアムズが、東京・築地(つきじ)外国人居留地に立教学校という私塾を開設したのが起源である。1918年（大正7）に池袋の現所在地に移転し、1922年に大学令による、文学部、商学部の2学部をもつ立教大学となる。キリスト教精神に基づく人格教育を建学の精神としている。1931年（昭和6）に商学部を経済学部と改称し、1944年には立教理科専門学校を併設した。1949年（昭和24）の新制大学移行後は、理科専門学校を理学部として加えた。さらに1958年には社会学部、1959年には法学部を新設した。2010年（平成22）時点で、文学、経済学、理学、社会学、法学、観光学、コミュニティ福祉学、経営学、現代心理学、異文化コミュニケーションの10学部があり、大学院は文学、経済学、理学、社会学、法学、観光学、コミュニティ福祉学、ビジネスデザイン、21世紀社会デザイン、異文化コミュニケーション、経営学、現代心理学、キリスト教学、法務の14研究科をもつ。附属施設としては、アメリカ研究所、原子力研究所（2001年稼働を停止）、キリスト教教育研究所、ラテンアメリカ研究所、観光研究所、社会福祉研究所などがある。大学の経営母胎となっている学校法人立教学院は、大学のほかに、立教小学校、立教池袋中学校、同高等学校、立教新座中学校、同高等学校を経営している。本部は東京都豊島。私立大学。キリスト教系。1874年アメリカ聖公会が東京の築地に創設した立教学校が前身。1918年現在地に移転。1922年大学令による大学となり，1949年新制大学に移行し，文学部，経済学部，理学部を置いた。1958年社会学部，1959年法学部を設置。1998年観光学部，コミュニティ福祉学部を増設。2006年経営学部，現代心理学部を開設。2008年異文化コミュニケーション学部を新設。1951年に大学院を設置。アメリカ研究所，キリスト教教育研究所，観光研究所などを併設している。本部所在地は東京都豊島区。東京都豊島区にある私立大学。学校法人立教学院は他に小，中，高校をもつ。1874年米国聖公会宣教師が設立した英語私塾聖パウロ学校に始まる。1918年現名に改め，1922年大学令による大学となり，1949年同大学予科，立教工業理科専門学校を統合，新制大学として発足。文，経済，理，社会，法，異文化コミュニケーション，経営，観光，コミュニティ福祉，現代心理の各学部を置き（2012年４月現在），キリスト教教育，原子力等の各研究所を付設。東京都豊島区西池袋に本部をおくキリスト教(日本聖公会立)系の大学。学校法人立教学院が経営し，同学院にはほかに小学校，中学校，高等学校がある。1874年，東京築地の居留地にアメリカの聖公会主教C.M.ウィリアムズが開いた聖パウロ学校という英語私塾を起源とする。1907年文科，商科をもつ専門学校として認可され，18年現所在地に移転した。22年大学令により私立大学となり，文学部，商学部(1931年経済学部に改称)，予科を設けた。
明治大学,"私立。1881年（明治14）、フランス留学から帰った岸本辰雄（1851―1912）、宮城浩蔵（1852―1893）、矢代操（1852―1891）の3人の近代法学のパイオニアによって開校された明治法律学校を起源とする。1903年（明治36）専門学校令により明治大学専門部と改称、1920年（大正9）大学令により明治大学となり、法学、商学の2学部および予科、のちに政治経済学部を置いた。1949年（昭和24）新制大学に移行、法学、商学、政治経済学、文学、工学、農学の6学部をもって再発足した。2010年（平成22）時点で、法学、商学、政治経済学、文学、理工学、農学、経営学、情報コミュニケーション学、国際日本学の9学部と、法学、商学、政治経済学、経営学、文学、理工学、農学、ガバナンス、グローバル・ビジネス、会計専門職、法務、情報コミュニケーション、教養デザインの大学院13研究科を置き、学生数3万人余を擁する日本有数の大規模な総合大学となっている。校歌「白雲なびく駿河台(するがだい)」のとおり、文科系の専門学部は東京都千代田区神田(かんだ)駿河台に集中しているが、一部の1・2年次は都内杉並区の和泉(いずみ)校舎、理工・農学部は川崎市の生田(いくた)校舎に分かれている。創設以来の伝統をもつ法学部と商学部を中心として、私学で最初の経営学部（1953年設置）、充実した教授陣をもつ文学部など、多くの特徴をもつ。1980年に創立100周年を迎えた。なお、女子専門学校（1929年開設の明治大学女子部、のち明治女子専門学校）を前身とする明治大学短期大学（法律科、経済科）は2004年度から学生の募集を停止している。所在地は東京都千代田区神田駿河台1-1。私立大学。 1881年司法省明法寮出身の法曹家岸本辰雄らにより，フランス法の教育を目的に創立された明治法律学校が前身。 1903年専門学校として認可され，現校名に改称。 1920年大学令による大学を経て，1949年明治女子専門学校，東京明治工業専門学校および明治農業専門学校などを統合して新制大学に移行。法学部，商学部，政治経済学部，文学部，理工学部，農学部，経営学部，情報コミュニケーション学部，国際日本学部を置く。 1952年に大学院設置。本部所在地は東京都千代田区。
東京都千代田区に本部を置く私立大学。1880年岸本辰雄，西園寺公望らが，自由民権運動の高潮を背景に，フランス法学を中心とする近代法学の普及をめざして開設した明治法律学校を起源とする。1903年現名に改称，1920年大学令による大学となる。1949年同大学女専，東京明治工専（ともに1944年創立），明治農専（1946年）等を統合，新制大学となる。法，商，政治経済，文，農，経営，理工，情報コミュニケーション，国際日本の各学部（2012年４月現在）。東京都千代田区神田駿河台に本部を置く私立大学。1880年12月，岸本辰雄，宮城浩蔵，矢代操ら新進法学士がフランス法学を中心とする近代法学の普及をめざして，東京有楽町の島原藩上屋敷跡に開設した明治法律学校を起源とする。自由民権運動の盛んな時代を背景に〈各自ノ権利･自由〉を基調にして〈公衆共同シテ法理ヲ拡張〉することを建学の目的とした。翌81年1月に開講，86年法律･行政の2学部を編成し，神田駿河台に移転した。"
青山学院大学,私立。アメリカのメソジスト教会宣教師の手で1874年（明治7）に設立の女子小学校を前身とする青山女学院と、男子系の耕教(こうきょう)学舎（1878年設立）や美会(みかい)神学校（1879年設立）などの青山学院の両者が1882年に合併し、東京英学校となり、翌年東京英和学校、1894年青山学院と改称した。高等教育部門は1904年（明治37）設立の青山学院専門部を経て1949年（昭和24）新制大学となった。キリスト教主義に基づく幼稚園から大学院までの一貫教育の総合学園をうたい、他の私立大学が法科を中心に発展したのに対して、文科系を中心に発展してきた。2010年（平成22）時点で、文学、文学第二部、経済学、法学、経営学、国際政治経済学、総合文化政策学、理工学、社会情報学、教育人間科学の10学部からなり、文学、経済学、法学、経営学、国際政治経済学、総合文化政策学、理工学、社会情報学、国際マネジメント、法務、会計プロフェッション、教育人間科学の各大学院研究科を置く。かつて文学部に神学科が置かれていたが1977年に廃止された。女子教育と英語教育に伝統をもつ。本部は東京都渋谷区渋谷。私立大学。キリスト教系。1878年，アメリカ合衆国のメソジスト監督教会（→メソジスト派）の宣教師によって東京築地に創設された耕教学舎が 1881年東京英学校と改称，翌 1882年には 1879年開校の美會神学校と合同した。1883年青山に移転して東京英和学校と改称，1894年青山学院となった。一方，1874年東京麻布に開校した女子小学校は 1875年に救世学校，1877年海岸女学校，1894年東京英和女学校，1895年青山女学院となった。両学院は 1904年専門学校の認可を受け，1927年合同して青山学院となり，1949年新制大学の青山学院大学として開学した。文学部，経済学部，経営学部，法学部，国際政治経済学部，理工学部，総合文化政策学部，社会情報学部，教育人間科学部，地球社会共生学部を置く。1952年大学院を設置。総合研究所などを付設。本部所在地は東京都渋谷区。
中央大学,私立。1885年（明治18）増島六一郎ら18人の新進法曹と少壮学者によって東京・神田に創立された英吉利(イギリス)法律学校を前身とし、東京法学院を経て、1905年（明治38）中央大学と名称変更、1920年（大正9）大学令による大学となり、1949年（昭和24）新制大学に移行した。2010年（平成22）時点で、法学、経済学、商学、理工学、文学、総合政策学の各学部と大学院（法学、経済学、商学、理工学、文学、総合政策、公共政策、国際会計、法務、戦略経営の各研究科）からなり、日本比較法、経理、経済、人文科学、社会科学、企業、保健体育などの研究所を併設する。1978年（昭和53）、文科系4学部（法学、経済学、商学、文学）はそれまであった神田駿河台(するがだい)から多摩キャンパスに移転した。法律家養成の伝統が古く、毎年の司法試験の合格者数は、つねに東京大学、早稲田(わせだ)大学などと首位を競い合っている。本部は東京都八王子市東中野。私立大学。 1885年に設立された英吉利法律学校が起源。 1889年東京法学院，1903年東京法学院大学，1905年中央大学と改称。 1920年大学令による大学となった。 1949年新制の大学に転換し，法学部，経済学部，商学部，工学部の4学部を置いた。 1951年文学部を増設。 1962年工学部を理工学部に改組。 1993年総合政策学部を増設。入学定員は 5437人 (2007) 。 1951年大学院を設置。日本比較法，経理などの研究所，法科大学院，付属高等学校などを擁する。本部所在地は東京都八王子市。東京都八王子市に本部を置く私立大学。1885年，英国型民主主義を信奉する若手法学者たちが創立した英吉利(イギリス)法律学校が起源。1903年東京法学院大学，1905年中央大学と改称，1920年大学令による大学となる。第２次大戦後，予科，専門部，工専を統合，1949年新制大学として発足。法，経済，商，理工，文の各学部（いずれも二部を置く）と総合政策学部（2012年４月現在）。法曹界に多くの人材を送る。
法政大学,"私立。1880年（明治13）法学教育を目ざして設置された東京法学社（翌年、東京法学社から分離・独立して東京法学校）を起源とする。民法典起草のため来日していたパリ大学教授ボアソナードを1883年に教頭に迎えた。1903年（明治36）専門学校令による財団法人「和仏法律学校法政大学」を経て、1920年（大正9）大学令によって法政大学となり、法学部と経済学部、大学予科、のちに法文学部を備えた総合大学への第一歩を踏み出す。1949年（昭和24）新制大学へ移行した。

　2010年（平成22）時点で、法学部、文学部、経済学部、社会学部、経営学部、国際文化学部、人間環境学部、現代福祉学部、情報科学部、キャリアデザイン学部、デザイン工学部、理工学部、生命科学部、グローバル教養学部、スポーツ健康学部の15学部がある。ほかに人文科学、国際文化、経済学、法学、政治学、社会学、経営学、政策科学、環境マネジメント、工学、人間社会、情報科学、デザイン工学、政策創造、法務、イノベーション・マネジメントの各研究科を擁する大学院があり、総合大学となっている。通信教育部も併設。また、社会労働関係の資料を収める大原社会問題研究所、能楽研究所、ボアソナード記念現代法研究所、沖縄文化研究所などがある。1980年に創立100周年を迎えた。本部は東京都千代田区富士見。
私立大学。1880年日本語による内外法律の専門教育を目的に東京の駿河台に開設された東京法学社が起源。1881年東京法学校，1889年に和仏法律学校と改称し，フランス法系統の教育に特色を示した。1903年専門学校令により認可され，和仏法律学校法政大学と改称。1920年大学令による大学となり，法学部，経済学部を置いた。1922年法学部を法文学部に改称したのち，1947年法学部と文学部に改編。1949年新制の大学に移行。1950年工学部，1952年社会学部，1959年経営学部，1999年国際文化学部，人間環境学部，2000年現代福祉学部，情報科学部，2003年キャリアデザイン学部を増設。2007年工学部の 3学科を改組転換してデザイン工学部を新設。2008年工学部を理工学部と生命科学部に改組し，GIS（グローバル教養学部）を増設。2009年スポーツ健康学部を増設。1951年大学院設置。大原社会問題研究所，野上記念法政大学能楽研究所，日本統計研究所等を併設している。本部所在地は東京都千代田区。東京都千代田区に本部を置く私立大学。1880年，法律家金丸鉄，伊藤修によって設立された東京法学社を起源とする。1889年，フランス学を講ずる東京仏学校と合併して和仏法律学校となり（校長は箕作麟祥），1920年法政大学として大学令による大学となる。1949年同大学予科，専門部，工専を統合，新制大学として発足。法，経済，文，社会，経営，工，国際文化，人間環境，キャリアデザイン，デザイン工，グローバル教養，スポーツ健康，情報科，理工，生命科，現代福祉の各学部を置き（2012年４月現在），大原社会問題研究所等を付設。東京都千代田区富士見町に本部を置く私立大学。1880年，在野の法律家金丸鉄と伊藤修が東京駿河台に開設した東京法学社を起源とする。講法局と代言局を置き，フランス法を中心とした日本で最初の法律学校である。自由と進歩の学風を伝統とする。81年，講法局が独立して東京法学校となった。86年，仏学会(日仏協会の前身)によってフランス学を教授する東京仏学校が開設されたが，89年，両校は合併して和仏法律学校となり，校長に箕作麟祥（みつくりりんしよう）が就任した。"
北海道大学,国立大学法人。起源は1876年（明治9）創設の札幌農学校（創設者クラーク）に発する。農学校は1907年（明治40）東北帝国大学農科大学となるが、1918年（大正7）独立して北海道帝国大学設立の母体となる。その後、医学部（1919）、工学部（1924）、理学部（1930）の増設により、日本有数の帝国大学に発展。また第二次世界大戦前期に予科をもつ帝国大学として知られていた。戦後は1947年（昭和22）法文学部を増設、1949年学制改革により、旧制北海道大学、同附属医学専門部、同附属農林専門部、函館(はこだて)高等水産学校を包括し、法文学、教育学、理学、医学、工学、農学、水産学の7学部からなる新制国立大学となる。その後、文学部（1950。旧、法文学部）、獣医学部（1952）、法学部・経済学部（1953。旧法経学部）、薬学部（1965）、歯学部（1967）の増設をみて、学部数の多い総合大学（12学部）に発展。2010年（平成22）時点で、大学院には文学、法学、経済学、医学、歯学、獣医学、情報科学の7研究科、水産科学、環境科学、理学、農学、生命科学、教育学、国際広報メディア・観光学、保健科学、工学、総合化学の10学院、水産科学、地球環境科学、理学、薬学、農学、先端生命科学、教育学、メディア・コミュニケーション、保健科学、工学の10研究院のほか公共政策学教育部および公共政策学連携研究部が置かれる。附置研究所として、戦前期に設立をみた低温科学研究所、電子科学研究所（旧、応用電気研究所）のほか、戦後設置された免疫科学研究所（旧、結核研究所）が改組した遺伝子病制御研究所がある。また学部附属教育研究施設としては、地震火山研究観測センター、触媒化学研究センター、スラブ研究センターなどユニークな約30の研究施設がある。2004年4月、国立大学法人法の施行に伴い、国立大学法人となる。本部は札幌市北区北。国立大学法人総合大学。明治5 (1872) 年東京に設置された開拓使仮学校を起源とし，1876年札幌農学校，1907年東北帝国大学農科大学，1918年北海道帝国大学，1947年学制改革により付属農林専門部，函館高等水産学校，付属医学専門部を統合して，1949年新制の北海道大学となった。その後学部の改組，増設を重ね，現在は文学，教育学，法学，経済学，理学，医学，歯学，薬学，工学，農学，獣医学，水産学の 12学部を置く。 1953年大学院設置。低温科学，遺伝子病制御などの研究所を併設している。本部は北海道札幌市北区北8条西。札幌市北区に本部がある国立大学法人。明治9年（1876）創設の札幌農学校を起源とする。東北帝国大学農科大学を経て、大正7年（1918）旧制の北海道帝国大学となり、昭和24年（1949）予科・専門部・函館水産専門学校などを統合して新制大学に移行。平成16年（2004）国立大学法人となる。札幌市北区に本部を置く国立大学。起源は1872年東京に設立された開拓使仮学校にさかのぼる。これが1876年札幌農学校となり，1907年東北帝国大学農科大学（東北大学）を経て，1918年北海道帝国大学農科大学として独立，のち総合大学に発展。1947年現名に改称，1949年函館水産専門学校等を統合し新制大学に移行。2004年４月より国立大学法人へ移行。文，教育，法，経済，理，医，歯，薬，工，農，獣医，水産の各学部（2012年４月現在）。低温科学，電子科学，遺伝子病制御研究所などを付設する。札幌市北区に本部をおく旧制帝大系の国立総合大学。1872年(明治5)東京に設立された開拓使仮学校に発する札幌農学校(1876開校)が起源。1907年東北帝国大学農科大学となったが，18年分離独立して北海道帝国大学農科大学として設置された(初代総長は農学の佐藤昌介)。農学科，農芸化学科，林学科，畜産学科の4学科に大学予科など，基本的な学科構成は東北帝大時代のものを継承し，土木専門部と水産専門部を付属させた。
東北大学,"国立大学法人。1907年（明治40）、東京、京都帝国大学に次いで、日本で3番目の帝国大学として勅令により創設された東北帝国大学が前身。当初、札幌(さっぽろ)農学校を改称した農科大学と1911年に設置された理科大学からなっていたが、1918年（大正7）農科大学は、本学から分離して北海道帝国大学農科大学となる。1915年医科大学を増設。1919年、その前年に公布された大学令により分科大学制を廃して学部制をとり、理学、医学、工学の3学部を設置、その後、法文学、農学の2学部を増設、さらに金属材料研究所（1919）をはじめとする10研究所を第二次世界大戦前に設置し、研究中心の総合大学として発展した。1949年（昭和24）第二高等学校、仙台高等工業学校、宮城県女子専門学校、東北大学附属医学専門部、宮城師範学校、宮城青年師範学校を統合して、新制の東北大学となった。

　当初8学部（文学、教育学、法学、経済学、理学、医学、工学、農学）で出発したが、歯学部（1965）、薬学部（1972）が増設され、2010年（平成22）時点で10学部で構成されている。なお、1965年教育学部教員養成課程が分離独立して宮城教育大学となった。大学院はこれら10学部のほか、1993年（平成5）には国際文化研究科、情報科学研究科、2001年には生命科学研究科、2002年には教育情報学教育部、教育情報学研究部、2003年には環境科学研究科、2008年には医工学研究科が設置された。これら15研究科と2つの部すべてに博士課程がある。附置研究所としては、すでに第二次世界大戦前からの伝統をもつ金属材料研究所、加齢医学研究所、流体科学研究所、電気通信研究所、多元物質科学研究所があるほか、惑星プラズマ・大気研究センター、電子光理学研究センター、地震・噴火予知研究観測センターなど30以上の附属教育研究施設が附設されている。このほか附属病院がある。キャンパスは仙台市青葉区内5地区（片平、川内、荒巻字青葉、星陵町(せいりょうちょう)、堤通雨宮町(つつみどおりあまみやまち)）に分散。2004年4月、国立大学法人法の施行に伴い、国立大学法人となる。本部は仙台市青葉区片平。国立大学。前身は 1907年創設の東北帝国大学（→帝国大学）。同 1907年農科大学開設。1911年理科大学，1915年医科大学を開設。1918年農科大学が分離。その後大学改革により 1919年理学部，医学部，工学部を設置。1922年法文学部，1947年農学部を設置し，同 1947年東北大学と改称。1949年に旧制の第二高等学校，仙台工業専門学校，宮城師範学校などを統合して新制の総合大学となり，文学部，教育学部，法学部，経済学部，理学部，医学部，工学部，農学部を置いた。1965年歯学部，1972年薬学部開設。1953年大学院を設置。病院，金属材料研究所，流体科学研究所などの研究所を付設。本部所在地は宮城県仙台市。仙台市にある国立大学。前身の東北帝国大学は，札幌の農科大学と仙台の理科大学からなる２分科大学として1907年に設置された。初代総長沢柳政太郎は，帝国大学で初めて女子学生の本科生としての入学を許可。1947年東北大学と改称したのち，1949年，二高（1887年創立），仙台工専（1906年），宮城女専（1926年），宮城師範（1943年），同青年師範（1944年）等を統合，新制大学として発足。2004年４月より国立大学法人へ移行。文，教育，法，経済，理，医，歯，工，農，薬の各学部（2012年４月現在）。金属材料，素材工学，電気通信，加齢医学などの各研究所を付設。教育学部の教員養成課程は1965年宮城教育大学として分離。仙台市片平に本部をおく旧制帝大系の国立総合大学。1907年6月札幌の農科大学，仙台の理科大学の2分科大学からなる東北帝国大学が設置され，初代総長に教育学者沢柳政太郎が就任，他の帝国大学に先んじて女子学生の本科生としての入学を許可した。農科大学は札幌農学校を移管･拡充して同年9月に，理科大学は11年に開設した。その設立には九州帝大と同様に，足尾鉱毒事件で有名な古河鉱業の古河家から多額の寄付金が寄せられた。"
会津大学,公立の単科大学。 1992年福島県が設置。コンピュータの基本ソフトウエア，ハードウエアを開発できる人材の育成を目指すコンピュータ理工学部をおき，入学定員は 240名 (1997) 。 96年大学院を設置。所在地は福島県会津若松市。福島県会津若松市にある公立大学。平成5年（1993）に開学した、コンピュータ理工学部の単科大学。平成18年（2006）公立大学法人となる。
新潟大学,"国立大学法人。1949年（昭和24）、新潟高等学校、新潟医科大学、長岡高等工業学校、新潟第一師範学校、新潟第二師範学校、新潟青年師範学校を包括し、さらに県立農林専門学校を国立に移管することにより、新制国立大学として発足。当初は6学部（人文学、教育学、理学、医学、工学、農学）構成であった。1965年に歯学部を新設。1980年法学部、経済学部を増設。1994年（平成6）、併設の商業短期大学部（1959年設置）を改組し、経済学部、法学部に主に夜間に授業を行うコースを設置。1998年教育学部を改組し、教育人間科学部を設置（2008年教育学部に改称）。1999年併設の医療技術短期大学部（1974年設置）を改組し、医学部に保健学科を設置。2010年（平成22）時点で9学部である。大学院は医歯学総合、自然科学、現代社会文化、保健学の各研究科に博士課程、教育学研究科に修士課程が設置されている。ほかに実務法学研究科、技術経営研究科が置かれる。附置研究所として脳研究所、学内共同研究施設として災害・復興科学研究所などがある。2004年4月、国立大学法人法の施行に伴い、国立大学法人となる。本部は新潟市西区五十嵐二の町。国立大学法人。 1949年に新潟医科大学，新潟高等学校，新潟師範学校 (第1，第2) ，新潟青年師範学校，長岡高等工業学校，新潟県立農林専門学校を統合，新制大学として発足した。当初，人文学，教育学，理学，農学，工学，医学の6学部を置いたが，その後の学部の改組，増設により現在は人文学，教育人間科学，法学，経済学，理学，医学，歯学，工学，農学の9学部体制となっている。 1955年設置の大学院は全学部に置かれているほか，自然科学，現代社会文化の両研究科も設置されている。付属研究機関として脳研究所がある。本部は新潟県新潟市五十嵐にある。新潟市西区にある国立大学法人。新潟医科大学・同付属医学専門部・新潟高等学校・長岡工業専門学校・新潟第一師範学校・新潟第二師範学校・新潟青年師範学校・新潟県立農林専門学校を統合し、昭和24年（1949）新制大学として発足。平成16年（2004）国立大学法人となる。
新潟市に本部を置く国立大学。新潟医大（1922年創立），新潟高校（1919年），長岡工専（1923年），新潟第一・第二師範（1943年），同青年師範（1944年），県立農専（1945年）等を統合，1949年新制大学として発足。2004年４月より国立大学法人へ移行。人文，教育，法，経済，理，医，歯，工，農の各学部（2012年４月現在）。脳研究所を付設。"
お茶の水女子大学,国立大学法人。1874年（明治7）東京・神田御茶ノ水に設立された官立東京女子師範学校が前身。1890年女子高等師範学校、1908年（明治41）東京女子高等師範学校となり、第二次世界大戦前における女子中等教員の養成に、西の奈良女子高等師範学校とともに大きな足跡を残した。1949年（昭和24）新制国立大学として発足し、校名も発祥の地にちなみ、お茶の水女子大学と改称した。戦後は中等教員養成を直接の目的とせず、広く女子の高等教育機関として各界に優れた人材を送ってきた。2010年（平成22）時点で、文教育学部、理学部、生活科学部の3学部が置かれている。1976年に設置された人間文化研究科（2007年人間文化創成科学研究科に改組）は独自の博士課程大学院として注目を集めている。湾岸生物教育研究センター、ジェンダー研究センター、生活環境教育研究センターなどの附属教育研究施設や、附属幼稚園、小学校、中学校、高等学校がある。2004年4月、国立大学法人法の施行に伴い、国立大学法人となる。所在地は東京都文京区大塚。国立女子大学。 1875年女子教員の養成および女子教育の中心機関として御茶ノ水に開校した東京女子師範学校が前身。 1908年東京女子高等師範学校と改称，1949年新制大学に移行した。文教育学部，理学部，生活科学部の3学部を置く。 1963年大学院を設置。付属学校として幼稚園，小学校，中学校，高等学校を設置。所在地は東京都文京区。東京都文京区にあり，奈良女子大学とともに日本で二つだけの国立女子大学。1874年お茶の水に設立された東京女子師範学校が起源。その後，東京師範学校女子部，東京女子高等師範学校と変遷し，1936年，現在地に移転。1949年新制大学となり，現名に改称。2004年４月より国立大学法人へ移行。文教育，理，生活科学の各学部（2012年４月現在）。東京都文京区大塚にあり，奈良女子大学とともに日本で二つだけの国立女子大学。1874年神田区宮本町(現，文京区湯島)の“御茶ノ水”に女子師範学校として創設。85年東京師範学校に合併され同校女子部，翌年高等師範学校女子部となったが，90年分離独立して女子高等師範学校となり，1908年東京女子高等師範学校と改称。1897年文科と理科，99年技芸科(後の家事科)，1938年体育科を設置，今日の大学学部の基礎をなす。
東京芸術大学,"国立大学法人。1887年（明治20）東京・上野に創設された官立の東京美術学校と東京音楽学校が前身。

　東京美術学校は、1884年文部省内に図画教育調査委員が置かれ、官立美術学校の設立が決定されたことに端を発する。翌1885年文部省専門学務局に図画取調掛(とりしらべがかり)が置かれ、アーネスト・フェノロサや岡倉天心が創設の準備にあたった。この東京美術学校は、芸術家養成を目的として、普通科（2年制）では絵画・造型などの実技学科を、専修科（3年制）では日本画・彫刻・美術工芸を教授した。図画教員課程（1年制）では普通図画教員の養成を行った。その後、鋳金科、鍛金科、西洋画科、図案科、塑造科、図画師範科、製版科、建築科が増設され、1946年（昭和21）には、修業年限1年の予科、3～6年の本科（絵画、彫刻、工芸、建築）・師範科、2年の研究科からなる専門学校に発展した。

　一方、東京音楽学校は、1879年文部省内に設置された音楽取調掛に起源を有する。初代の御用掛に任命されたのは伊沢修二であった。取調掛では内外音楽の調査をはじめ、東京師範学校・東京女子師範学校の附属学校で音楽教育を開始すると同時に、音楽教員の養成にも着手した。その後、音楽取調掛は音楽取調所と改称され、1887年東京音楽学校となった。その後も発展を続け、第二次世界大戦前にすでに修業年限4年の本科（声楽、器楽、作曲、邦楽）・師範科、2年の選科・研究科を有していた。

　1949年（昭和24）東京美術学校と東京音楽学校が統合され、美術学部と音楽学部の2学部からなる新制の国立大学として、東京芸術大学と改称された。2010年（平成22）時点で、美術学部には絵画、彫刻、工芸、デザイン、建築、芸術学、先端芸術表現の7学科、音楽学部には作曲、声楽、器楽、指揮、邦楽、楽理、音楽環境創造の7学科が置かれている。一般の大学にはみられない個人指導による実技修練と、創造性の開発に教育の重点を置いている。研究者養成のための大学院（修士・博士）課程が設置されているほか、映像研究科がある。学内施設としては、大学美術館、言語・音声トレーニングセンターのほかに、美術学部附属古美術研究施設および写真センター、音楽学部附属音楽高等学校がある。2004年4月、国立大学法人法の施行に伴い、国立大学法人となる。所在地は東京都台東(たいとう)区上野公園。国立大学。1887年設立の東京美術学校，東京音楽学校を母体として 1949年開学。美術学部，音楽学部を置いた。1963年大学院を設置。1998年東京芸術大学芸術資料館の組織を拡充して，東京芸術大学大学美術館を置いた。本部所在地は東京都台東区。東京都台東区上野公園にある国立大学。1887年創立の東京音楽学校（前身は音楽取調掛）と東京美術学校（前身は図画取調掛）が1949年合併し新制大学となったもの。1998年，同校の収蔵品（約４万4000点）の研究・保存・公開のために大学美術館が開館。2004年４月より国立大学法人へ移行。音楽，美術の各学部を置く（2012年４月現在）東京都台東区上野公園にある国立大学。日本の音楽と美術，および，その教育に長く影響を与えてきた。前身は，1879年音楽の調査･研究をはかるために文部省に設置された音楽取調掛を引きついで87年発足した東京音楽学校と，1885年に国粋保存と日本画振興のもとに文部省専門学務局設置の図画取調掛が発展して，工部大学校付置の工部美術学校を母体として同じく87年に設置された東京美術学校とである。1949年に，この東京音楽学校と東京美術学校が合併して新制の東京芸術大学となった。"
武蔵美術大学,私立。1929年（昭和4）東京市外武蔵野に創設された帝国美術学校を源流とし、1948年（昭和23）武蔵野美術学校、1957年武蔵野美術短期大学を経て、1962年武蔵野美術大学となった。2010年（平成22）時点で、伝統的な日本画学科から視覚伝達、工芸工業、空間演出などのデザイン学科に至る11学科の造形学部と、造形研究科の大学院、通信教育課程をもつ。とくに厳しい技術修練で著名。私立の単科大学。 1929年創立の帝国美術学校が起源。 48年に専門学校 (武蔵野美術学校) ，57年に短期大学となり，62年に4年制大学として発足。造形学部に日本画，油絵，彫刻，視覚伝達デザイン，工芸工業デザイン，空間演出デザイン，建築，基礎デザイン，映像の9学科に 99年より，芸術文化，デザイン情報の2学科を増設。入学定員は 1072名 (1999) 。 73年に大学院を設置。東京都小平市小川町にある。
東京外国語大学,"国立大学法人。起源は幕末にまでさかのぼるが、1897年（明治30）に設立された東京高等商業学校（現在の一橋大学）附属外国語学校が前身。2年後の1899年に独立して東京外国語学校となる。1944年（昭和19）東京外事専門学校と改称され、1949年（昭和24）新制の国立大学となる。2010年（平成22）時点で、外国語学部に欧米第一、欧米第二、ロシア・東欧、東アジア、東南アジア、南・西アジア、日本の7課程があり、大学院研究科修士・博士課程（総合国際学研究科）のほか、アジア・アフリカ言語文化研究所が設置されている。外国人留学生のための留学生日本語教育センター（東京都府中市）も附設されている。2004年4月、国立大学法人法施行に伴い、国立大学法人となる。所在地は東京都府中市朝日町。
国立大学法人の単科大学。 1897年高等商業学校の付属として設置された外国語学校が起源。 1899年独立して東京外国語学校となった。 1903年専門学校令による専門学校となり，一時東京外事専門学校と改称したが，1949年新制の大学に転換。外国語学部に地域を中心とした7課程制を導入。 1966年大学院を設置。東京都府中市にある。東京都府中市にある国立大学法人。江戸幕府洋学所、蕃書調所を母体として明治6年（1873）設立した東京外国語学校が前身。明治30年（1897）に、東京高等商業学校付属外国語学校となり、のち、東京外国語学校、東京外事専門学校を経て、昭和24年（1949）新制大学として発足。平成16年（2004）国立大学法人となる。東京都府中市朝日町にある国立大学。2000年10月，北区西ヶ原から移転した。開成学校（大学南校）の流れをひき東京外国語学校と称したが，1897年東京高商付属外国語学校となり，のち独立，1903年専門学校として認可される。1944年東京外事専門学校と改称，1949年新制大学に昇格。2004年４月より国立大学法人へ移行。外国語学部のみ（2012年４月現在）。アジア・アフリカ言語文化研究所を付設する。"
横浜国立大学,"国立大学法人。1949年（昭和24）横浜高等工業学校、横浜高等商業学校、神奈川師範学校、神奈川青年師範学校を統合して、学芸学部、経済学部、工学部の3学部からなる新制国立大学として発足。1966年学芸学部は教育学部と改称。1967年経済学部の第一部（経営学科）を分離独立して経営学部を設置。1997年（平成9）10月には教育学部を改組し教育人間科学部として設置。2010年（平成22）時点で大学院は、教育学、国際社会科学の各研究科、環境情報学府、工学府、環境情報研究院、工学研究院がある。また、1996年に東京学芸大学に設置された大学院連合学校教育学研究科に参加している。これは4大学（横浜国立大学、東京学芸大学、埼玉大学、千葉大学）連合により設置された後期3年のみの博士課程の研究科で、教育人間科学部（他3大学は教育学部）および教育学研究科（修士課程）を基盤として編成されているが、それぞれの研究科とは独立している。学内研究施設として理科教育実習施設、貿易文献資料センターなどがある。2004年4月、国立大学法人法の施行に伴い、国立大学法人となる。所在地は横浜市保土ケ谷(ほどがや)区常盤台。国立大学。 1949年に神奈川師範学校，神奈川青年師範学校，横浜経済専門学校，横浜工業専門学校を統合して，学芸学部 (1966年教育学部に改称) ，経済学部，工学部の3学部からなる新制大学として開学。 1967年に経営学部を設置，1997年教育学部を改組し教育人間科学部とした。 1990年大学院設置。所在地は神奈川県横浜市。横浜市保土ケ谷区にある国立大学法人。横浜経済専門学校・横浜工業専門学校・神奈川師範学校・神奈川青年師範学校を統合し、昭和24年（1949）新制大学として発足。平成16年（2004）国立大学法人となる。
横浜市保土ヶ谷区にある国立大学。横浜経専（1923年創立の横浜高商の後身），横浜工専（1920年），神奈川師範（1943年），同青年師範（1944年）を統合，1949年新制大学として発足。2004年４月より国立大学法人へ移行。教育人間科学，経済，経営，理工の各学部（2012年４月現在）。"
日本大学,"私立。1889年（明治22）、時の司法大臣山田顕義(あきよし)によって、日本文化の高揚と新日本建設を担う人材の育成を目ざして設立された日本法律学校を起源とする。1904年（明治37）日本大学専門部と改称、1920年（大正9）大学令により日本大学となり、法文学部、商学部、専門部、高等師範部を置いた。1949年（昭和24）新制大学に移行し、法学部、文学部、経済学部、芸術学部、工学部、農学部、第二工学部の昼間部と、法学部、文学部、経済学部、工学部の夜間部、合計11学部に発展。2010年（平成22）時点で、法学部（一・二部）、文理学部、経済学部、商学部、芸術学部、国際関係学部、理工学部、生産工学部、工学部、医学部、歯学部、松戸(まつど)歯学部、薬学部、生物資源科学部の各学部からなり、総合科学、法学、新聞学、文学、総合基礎科学、経済学、商学、芸術学、国際関係、理工学、生産工学、工学、医学、歯学、松戸歯学、生物資源科学、獣医学、薬学、グローバル・ビジネス、法務、知的財産の各研究科の大学院をもつ。さらに法学部、文理学部、経済学部、商学部に通信教育部が置かれ、短期大学部も付設されている。
私立大学。1889年山田顕義，金子堅太郎らにより皇典講究所内に開設された日本法律学校が起源。1903年日本大学と改称。1920年大学令による大学として認可された。1949年新制大学となり，7学部を置いた。法学部，文理学部，国際関係学部，経済学部，商学部，芸術学部，理工学部，生産工学部，工学部，医学部，歯学部，松戸歯学部，薬学部，生物資源科学部，危機管理学部，スポーツ科学部の 16学部で構成される。1951年大学院を設置。短期大学部を併設。法学研究所，教育制度研究所など多くの研究所を付設。本部所在地は東京都千代田区。東京都千代田区に本部を置く私立大学。起源は1889年司法大臣山田顕義らが日本独自の法学の確立をめざして創立した日本法律学校。1903年現名に改称，1920年大学令による大学となる。1949年，同大学予科，専門部を統合，新制大学として発足。法，文理，経済，商，芸術，国際関係，理工，生産工学，工，医，歯，薬，松戸歯，生物資源科の各学部がある（2012年４月現在）。学部学生約７万人で，日本の私大中最大。東京都千代田区九段南に本部を置く私立大学。1889年司法大臣の山田顕義が開設した日本法律学校を起源とする。吉田松陰に私淑した山田は，欧米流の法律学校が多数設立されるなかで，皇道精神に基づき，日本独自の法体系を研究し専門家を養成することを目的とし，大学を開設した。翌90年に皇典講究所(国学院大学の前身)内に金子堅太郎を校長として開学。96年神田三崎町の独立校舎に移転，1901年に高等師範部を置き，03年日本大学と改称した。

　ほかに人口研究所、量子科学研究所、総合科学研究所、教育制度研究所、精神文化研究所などの研究機関と附属高等学校をもつ。各学部は独立採算制で運営され、それぞれ独立した単科大学として機能しながら、全体で総合大学を形成している。発足当初は法文系を中心に発展したが、第二次世界大戦前期から理工系にも力を注ぎ、とくに戦後は理工医歯系の発展が目覚ましく、日本でもっとも大規模かつ多彩な一大総合学園となっている。本部は東京都千代田区九段南"
東海大学,"私立。松前重義(まつまえしげよし)により設置された東海科学専門学校を母体として、1946年（昭和21）大学令により大学認可、1950年新制大学（文学・工学部）に移行した。その後急速な発展を遂げ、2010年（平成22）時点で、文学、政治経済学、法学、工学、海洋学、理学、体育学、教養学、医学、健康科学、情報理工学、総合経営学、国際文化学、情報通信学、芸術工学、産業工学、生物理工学、農学、観光学の19学部、工学、海洋学、理学、文学、政治学、芸術学、体育学、経済学、医学、法学、開発工学、健康科学、理工学、地球環境科学、生物科学、実務法学、人間環境学、国際地域学、芸術工学、産業工学、農学、総合理工学、組込み技術の23研究科からなる大学院を擁する総合大学となった。ほかに総合科学技術、文明、海洋、総合医学、教育、スポーツ医科学、平和戦略国際などの研究所がある。また東海大学短期大学部、東海大学医療技術短期大学などを併設し、全国各地の小、中、高校などと相まって、巨大な総合学園を形成している。本部は東京都渋谷区富ヶ谷。私立大学。 1943年創立の航空科学専門学校と 1944年創立の電波科学専門学校が合併して，1946年に発足。 1950年に新制大学となった。 1952年に短期大学部を併設。文学部，政治経済学部，法学部，工学部，海洋学部，理学部，体育学部，教養学部，医学部，開発工学部，健康科学部，情報理工学部，情報デザイン工学部，国際文化学部，生物理工学部，芸術工学部，情報通信学部，総合経営学部，産業工学部，農学部を置く。 1963年に大学院を設置。情報技術センター，宇宙情報センター，文明研究所，スポーツ医科学研究所など，多数の研究機関を併設する。本部所在地は東京都渋谷区。
東京都渋谷区に本部を置く私立大学。キャンパスは神奈川県，静岡県を中心とする。松前重義が1943年に航空科学専門学校，1944年に電波科学専門学校を開設。両者が1945年に合併して東海科学専門学校と改称，1946年東海大学となり，1950年新制大学。文科，理科の総合理解を方針とする。文，政治経済，法，教養，体育，理，工，開発工，医，海洋，健康科学，総合経営，産業工，農，国際文化，生物，生物理工，芸術工，情報デザイン工，情報通信，観光，情報理工の各学部（2012年４月現在）。"
岐阜大学,国立大学法人。岐阜師範学校、岐阜青年師範学校、岐阜高等農林学校、県立岐阜工業専門学校、岐阜県立医科大学を母体に、1949年（昭和24）学芸学部と農学部からなる新制国立大学として発足。1952年県立岐阜医工科大学の工学部を移管し工学部を、1964年岐阜県立医科大学を移管して医学部を設置した。学芸学部は1966年教育学部と改称され、教育学、医学、工学、農学の4学部構成となる。1959年工業短期大学部を併設、1991年（平成3）工学部全学科とともに改組され、夜間に授業を行うコースを設置（2007年度から学生募集停止）。1996年には教養部を改組し地域科学部を、2004年（平成16）には農学部を改組して応用生物科学部を設置、2010年時点で、教育学、地域科学、医学、工学、応用生物科学の5学部である。また、1966年には大学院が創設され、2010年時点で、教育学、地域科学、医学系、工学、応用生物科学、連合農学、連合獣医学、連合創薬医療情報の各研究科が設置されている。附属施設として動物病院、生命科学総合研究支援センターなどがある。2004年4月、国立大学法人法の施行に伴い、国立大学法人となる。本部は岐阜市柳戸。国立大学法人。 1949年に岐阜師範学校，岐阜青年師範学校，岐阜高等農林学校を統合して，学芸学部 (1966年教育学部に改称) と農学部 (2004年応用生物科学部に改称) からなる新制大学として発足した。 1952年県立医工科大学の工学部を移管，1964年県立医科大学を移管して医学部を設置，1996年には地域科学部を増設して，5学部体制となる。 1966年設置の大学院には教育学，地域科学，工学，農学，医学，連合農学，連合獣医学の各研究科が置かれている。本部は岐阜県岐阜市柳戸にある。本部を岐阜市に置く国立大学。岐阜農林専（1923年創立），岐阜師範（1943年），同青年師範（1944年）を統合し，1949年新制大学として発足。その後，1952年には岐阜県立大学工学部（1949年），1964年岐阜県立医科大学（1947年）を移管合併。2004年４月より国立大学法人へ移行。教育，応用生物科学，地域科学，工，医の各学部（2012年４月現在）。岐阜市にある国立大学法人。岐阜農林専門学校・岐阜師範学校・岐阜青年師範学校を統合して、昭和24年（1949）新制大学として発足。昭和27年（1952）岐阜県立大学工学部を、昭和39年（1964）岐阜県立医科大学を合併。平成16年（2004）国立大学法人となる。
名古屋大学,"国立大学法人。1871年（明治4）旧名古屋藩評定所(ひょうじょうしょ)を仮病院として発足した仮医学校が起源。その後、幾多の変遷を経て、1920年（大正9）愛知医科大学となる。1931年（昭和6）官立に移管され、名古屋医科大学が設置された。1939年名古屋医科大学を母体に、医学部、理工学部から名古屋帝国大学が創設された。1942年理工学部が理学部と工学部に分離し3学部となった。第二次世界大戦後名古屋大学に改称。1949年（昭和24）、第八高等学校、名古屋高等商業学校、旧制名古屋大学、同附属医学専門部、岡崎高等師範学校を包括して、文学、教育学、法経学、理学、医学、工学の6学部からなる新制国立大学となる。その後、1950年に法経学部が法学部と経済学部に分離独立、1951年農学部が増設、1993年（平成5）教養部が改組され情報文化学部となり、2010年（平成22）時点で9学部体制である。大学院は、文学、教育発達科学、法学、経済学、理学、多元数理科学、医学系、工学、生命農学、国際開発、国際言語文化、情報科学、環境学の13研究科に博士課程が設置されている。附置研究所に環境医学研究所があるほか、全国共同利用研究所として、太陽地球環境研究所、エコトピア科学研究所がある。ほかに学内共同施設としてアイソトープ総合センター、年代測定総合研究センターなどや、学部附属の地震火山・防災研究センター、国際経済政策研究センターなど25の教育研究施設を有する。2004年4月、国立大学法人法の施行に伴い、国立大学法人となる。本部は名古屋市千種。
国立大学法人。前身は，1931年設立の官立名古屋医科大学を母体として 1939年に創設された名古屋帝国大学。 1949年旧制の第八高等学校，名古屋経済専門学校，岡崎高等師範学校，名古屋大学付属医学専門部を併合して新制大学となり，文学部，教育学部，法経学部，理学部，医学部，工学部の6学部を置いた。 1950年法経学部を改組して法学部と経済学部を設置。 1951年農学部開設。 1994年情報文化学部を増設。入学定員は 2095人 (2007) 。 1953年大学院を設置。環境医学研究所，太陽地球環境研究所，エコトピア科学研究所等を併設。本部所在地は愛知県名古屋市。名古屋市千種区に本部のある国立大学法人。明治4年（1871）設立の仮医学校を起源とし、旧制の県立愛知医科大学・名古屋帝国大学を経て、昭和24年（1949）同付属医学専門部・第八高等学校・名古屋経済専門学校・岡崎高等師範学校を合併して新制大学に移行。平成16年（2004）国立大学法人となる。
名古屋市にある国立大学。前身の名古屋帝国大学は，1871年に名古屋藩（尾張藩）が設立した仮病院・仮医学校に起源をもつ。1875年愛知県は病院・医学講習所を設立，後者が改称等を経て，1931年名古屋医科大学となり，1939年，これを母体として名古屋帝国大学が創設された。1947年名古屋大学に改称し，1949年，八高（1908年創立），名古屋経専（1920年），岡崎高等師範（1945年）等を統合，新制大学として発足。2004年４月より国立大学法人へ移行。文，教育，法，経済，理，医，工，農，情報文化の各学部（2012年４月現在）。環境医学，太陽地球環境などの各研究所を付設。名古屋市千種区不老町に本部を置く旧制帝国大学系の国立総合大学。淵源は旧名古屋藩評定所が1871年(明治4)に開設した仮病院･仮医学校に発する。73年県当局は病院と医学講習所を設立，後者は公立医学校，愛知医学校と改称し，83年甲種医学校として認可された。1901年愛知県立医学校となり，03年県立医学専門学校に発展。20年公立愛知医科大学に昇格，さらに31年官立名古屋医科大学となった。39年これを母体に新設の理工学部をあわせて帝国大学としては国内最後の名古屋帝国大学が創設された。"
大阪大学,国立大学法人。1931年（昭和6）大阪医科大学を母体に、近畿地方で2番目の帝国大学として、医学、理学の2学部からなる大阪帝国大学が設立。初代総長長岡半太郎のもとで理工系主体の大学として発展した。1933年に工学部、1948年（昭和23）に法文学部が設置され、1949年大阪薬学専門学校、旧制大阪高等学校、旧制府立浪速(なにわ)高等学校を統合して新制国立大学として再発足した。その後、特色ある学部づくりを進め、1961年基礎工学部、1972年人間科学部を新設した。1981年の創立50周年を機にキャンパスを大阪府吹田(すいた)市、豊中(とよなか)市の2地区に統合。1993年（平成5）併設の医療技術短期大学部を改組し、医学部保健学科を設置した。2004年（平成16）4月、国立大学法人法の施行に伴い、国立大学法人となる。2007年10月、大阪外国語大学と統合、外国語学部を設置した。外国語学部のキャンパスは大阪府箕面(みのお)市にある。2010年時点で、11学部（文学、人間科学、外国語学、法学、経済学、理学、医学、歯学、薬学、工学、基礎工学）をもつ。大学院は、外国語学を除く全分野のほかに言語文化、国際公共政策、情報科学、生命機能、高等司法の15研究科（修士・博士課程）が設置されている。付置研究所として、微生物病研究所、蛋白質(たんぱくしつ)研究所、接合科学研究所、産業科学研究所、社会経済研究所がある。そのほか、関連教育研究施設が約30ある。本部は大阪府吹田市山田丘。国立大学。懐徳堂，緒方洪庵の適々斎塾を起源とし，府立大阪医学校，大阪医科大学を経て，1931年大阪帝国大学を創設，医学部，理学部を設置した。初代総長は長岡半太郎。1933年大阪工業大学を合併して工学部を設置。1939年付属医学専門部設置。1947年，現校名に改称。1948年法文学部設置。1949年大阪高等学校，浪速高等学校，大阪薬学専門学校を合併して新制大学となった。文学部，人間科学部，法学部，経済学部，理学部，医学部，歯学部，薬学部，工学部，基礎工学部，2007年大阪外国語大学と統合して設置された外国語学部を置く。1953年大学院を設置。蛋白質研究所，接合科学研究所などを付設。本部所在地は大阪府吹田市。大阪府吹田市に本部のある国立大学法人。大阪医学所に始まり、大阪医科大学、大阪帝国大学を経て、昭和24年（1949）大阪高等学校・浪速高等学校・大阪薬学専門学校を統合して新制大学に移行。平成16年（2004）国立大学法人となる。平成19年（2007）大阪外国語大学と統合。大阪府吹田(すいた)市に本部を置く国立大学。旧制大阪大学（1931年創立の大阪帝国大学の後身。起りは緒方洪庵の適塾），大阪薬専（1917年），大阪高校（1921年），浪速高校（1926年）を統合して，1949年新制大学。2004年４月より国立大学法人へ移行。2007年10月，大阪外国語大学と統合。文，外国語，法，経済，人間科学，理，医，歯，薬，工，基礎工学の各学部を置き，微生物病，産業科学，タンパク質，社会経済，接合科学の各研究所を付設（2012年４月現在）。大阪府吹田市に本部をおく旧制帝大系の国立総合大学。起源は緒方洪庵の適塾にさかのぼるが，直接の前身は1880年設立の府立大阪医学校。大阪府立高等医学校，府立大阪医科大学と発展し，1919年最初の公立大学たる大阪医科大学となり，学部，予科に付属病院をおいた。31年府民の多年の熱望をうけ，大阪医科大学を母胎に新設の理学部をあわせて大阪帝国大学が創設(初代総長は長岡半太郎)。33年に官立大阪工業大学を改組吸収して工学部とする。
東京医科歯科大学,"国立大学法人。1928年（昭和3）日本最初の歯科専門の高等教育機関として創設された東京高等歯科医学校が前身。1944年医学科を併設して東京医学歯学専門学校となる。1946年（昭和21）に旧制大学に昇格後、1951年新制の国立大学に移行した。2010年（平成22）時点で、医学部、歯学部とほかに教養部からなり、大学院には医歯学総合研究科、保健衛生学研究科のほか生命情報科学教育部、疾患生命科学研究部が設置されている。医学部・歯学部附属病院のほかに生体材料工学研究所、難治疾患研究所などの附置研究所、生命倫理研究センター、硬組織疾患ゲノムセンター、疾患遺伝子実験センターなどの附属教育研究施設がある。2004年4月、国立大学法人法の施行に伴い、国立大学法人となる。本部は東京都文京区湯島。国立大学法人。 1928年創立の東京高等歯科医学校が起源。 1944年医学科を併設して東京医学歯学専門学校と改称。 1946年東京医科歯科大学となり，1951年新制の大学に移行。医学，歯学の2学部からなる。 1955年大学院設置。本部は東京都文京区湯島にある。東京都文京区に本部がある国立大学法人。昭和3年（1928）創設の東京高等歯科医学校が前身。東京医学歯学専門学校を経て昭和21年（1946）旧制大学となる。昭和26年（1951）新制大学に移行。平成16年（2004）国立大学法人となる。
東京都文京区に本部を置く国立大学。1928年東京高等歯科医学校として設立，1944年東京医学歯学専門学校を経て，1946年現名の旧制大学となり，1951年新制大学に移行。2004年４月より国立大学法人へ移行。医，歯の各学部を置き，多くの研究施設，看護婦その他の養成機関を付設（2012年４月現在）。
"
同志社大学,私立。1875年（明治8）、アメリカ修学から帰った新島襄(にいじまじょう)が、アメリカン・ボード派遣の宣教師デービスJerome Dean Davis（1838―1910）と京都府顧問山本覚馬（1828―1892）の協力のもとに設立した同志社英学校にその起源をもつ。1904年専門学校開校。1920年（大正9）大学令による大学となり、予科、法学部、文学部、大学院を置いた。1948年（昭和23）新制大学に移行した。2010年（平成22）時点で、神学部、文学部、社会学部、法学部、経済学部、商学部、政策学部、文化情報学部、理工学部、生命医科学部、スポーツ健康科学部、心理学部と、神学、文学、社会学、法学、経済学、商学、工学、総合政策科学、文化情報学、司法、ビジネス、生命医科学、スポーツ健康科学、心理学、グローバル・スタディーズの各研究科からなる大学院をもつ。また人文科学研究所、理工学研究所、アメリカ研究所などを併設する。「吾人(ごじん)は政府の手において設立したる大学の実に有益なるをうたがわず、しかれども人民の手によって設立する大学の実に大なる感化を国民に及ぼすことを信ず」との建学の趣旨と、キリスト教主義に基づく私学の名門である。新島がモデルにしたアメリカ合衆国マサチューセッツ州アーモスト・カレッジなどとの国際交流も盛んである。本部は京都市上京(かみぎょう)区今出川通(いまでがわどおり)烏丸東入(からすまひがしいる)玄武町。私立大学。キリスト教系。1875年新島襄が中心になり，山本覚馬，アメリカ人宣教師ジェローム・D.デービスの助力を得て開設した同志社英学校が前身。1904年専門学校令により同志社専門学校，同志社神学校が認可され，1912年両校を合併して同志社大学と改称。1920年大学令による大学として認可され，文学部，法学部の 2学部を置き，大学院と予科を設置した。1948年新制大学に移行，神学部，文学部，法学部，経済学部の 4学部を置き，翌 1949年商学部と工学部の 2学部を増設した。2004年政策学部開設。2005年文学部を改組して，社会学部，文化情報学部を増設。2008年生命医科学部，スポーツ健康科学部を新設し，工学部を理工学部に改称した。2009年心理学部，2011年グローバル・コミュニケーション学部，2013年グローバル地域文化学部開設。1950年新制大学の大学院を設置。人文科学研究所，アメリカ研究所，理工学研究所などを付設。本部所在地は京都府京都市。京都市に本部を置くキリスト教系の私立大学。1875年新島襄が同志社英学校として創立。1920年大学令による同志社大学となった。安部磯雄，海老名弾正など，キリスト教に基づく自由な校風に学んだ卒業生は各界で活躍。1948年同大学予科，工業，経済，外事の各専門学校を統合，新制大学として発足。神，文，法，経済，商，社会，政策，文化情報，理工，生命医科学，スポーツ健康科学，心理，グローバル・コミュニケーションの各学部（2012年４月現在）。別に1949年創立の同志社女子大学がある。京都市上京区に本部を置くキリスト教主義の私立大学。新島襄によって1875年に同志社英学校として創設された。1904年同志社専門学校，12年に専門学校令による同志社大学となり，20年には大学令による大学となった。キリスト教に基づく自由な校風のなかで，安部磯雄，海老名弾正らを生んだ。第2次大戦後の48年新制大学に移行して現在にいたっている。現在，文学，法学，経済学，商学，神学，工学の6学部のほか，アメリカ研究などの8研究科をもつ大学院が置かれている。
神戸大学,国立大学法人。1949年（昭和24）神戸経済大学（前身は1902年創立の神戸高等商業学校）、同大附属経営専門部、神戸工業専門学校（旧神戸高等工業学校）、旧制姫路高等学校、兵庫師範学校、兵庫青年師範学校を合併し、文理学、教育学、法学、経済学、経営学、工学の6学部からなる新制国立大学として発足。1953年大学院設置。1954年文理学部を分離改組して文学部、理学部とし、1964年教養部を設置し、兵庫県立神戸医科大学（前身は兵庫県立医科大学）を移管して医学部とし、1966年兵庫農科大学（県立）を移管し農学部とした。1992年（平成4）教養部および教育学部を改組し、国際文化学部および発達科学部を設置して10学部となる。2003年（平成15）には神戸商船大学（東灘(ひがしなだ)区深江南町(ふかえみなみまち)）と統合、海事科学部が設置され、11学部体制となった。また、法学、経済学、経営学の各学部は1994年までに全学科を改組、おもに夜間に授業を行うコースを設置するなど、勤労学生に門戸を開放した（2004年以降夜間主コースの学生募集を順次停止）。2010年時点で、大学院には人文学、国際文化学、人間発達環境学、法学、経済学、経営学、理学、医学、保健学、工学、システム情報学、農学、国際協力の各研究科と、神戸商船大学との統合により海事科学研究科が設置されている。附置研究所として経済経営研究所、附属研究施設として医学医療国際交流センターなどのほか、練習船深江丸がある。2004年4月、国立大学法人法の施行に伴い、国立大学法人となる。本部は神戸市灘。国立大学法人。 1902年創立の神戸高等商業学校が，1929年神戸商業大学，1944年神戸経済大学となり，1949年新制大学として開学。当初は文理学部，教育学部，法学部，経済学部，経営学部，工学部の6学部で構成。 1964年兵庫県立神戸医科大学を移管して医学部設置。 1966年兵庫県立兵庫農科大学を移管して農学部設置。 2003年神戸商船大学と統合して海事科学部を設置。 2006年現在，文学部，理学部，法学部，経済学部，経営学部，農学部，工学部，医学部，国際文化学部，発達科学部，海事科学部の 11学部で構成。入学定員は 2570人 (2007) 。 1953年大学院を設置。経済経営研究所を併設している。本部は兵庫県神戸市。神戸市灘(なだ)区に本部のある国立大学法人。神戸経済大学を中心に、姫路高等学校・兵庫師範学校・兵庫青年師範学校・神戸工業専門学校を合併して、昭和24年（1949）新制大学に移行。のち、神戸医科大学・兵庫農科大学を統合。平成15年（2003）神戸商船大学を統合し海事科学部とする。平成16年（2004）国立大学法人となる。神戸市にある国立大学。東京高等商業学校（現一橋大学）と並ぶ関西の官立高商，神戸高等商業学校（1902年創立）を前身とする。1929年神戸商業大学（1944年神戸経済大学と改称）となる。第２次大戦後，姫路高校（1923年），神戸工専（1921年），兵庫師範（1943年），同青年師範（1944年）等を統合し，1949年新制大学として発足。2004年４月より国立大学法人へ移行。文，法，経済，経営，理，医，工，農，発達科学，国際文化，海事科学（神戸商船大学を2003年に統合）の各学部を置く（2012年４月現在）。経済経営研究所（1919年設立の商業研究所が前身）などを付設する。神戸市灘区に本部を置く国立総合大学。1902年東京高等商業学校(現，一橋大学)に対する関西の官立高商として設立された神戸高等商業学校が前身。19年，兼松商店の寄付により商業研究所(現，経済経営研究所)を設立，経済･商業関係の内外の資料収集などを行う。東京高商とともに当初より大学昇格運動を展開し，29年に官立の神戸商業大学となる。40年予科設置，44年神戸経済大学と改称。49年神戸経済大学に神戸工業専門学校(1921設置)，姫路高等学校(1923)，兵庫師範学校(1943)などを併合して新制神戸大学となる。
九州大学,"国立大学法人。1903年（明治36）京都帝国大学の分科大学として福岡に置かれた福岡医科大学が前身。1910年福岡医科大学と新設の工科大学の2分科大学をもって九州帝国大学として創設された。1919年（大正8）九州帝大の両分科大学は医学部、工学部となり、新たに農学部が増設された。1924年法文学部、1939年（昭和14）理学部が加わり総合大学として発展した。第二次世界大戦後は、旧制福岡高等学校、久留米(くるめ)工業専門学校を合併し、1949年（昭和24）新制の国立九州大学となった。それに伴い、法文学部は法学、経済学、文学の3学部に改組され、教育学部が新設された。1964年薬学部、1967年歯学部の増設によって、10学部（文学、教育、法学、経済、理学、医学、歯学、薬学、工学、農学）体制となった。1971年には医療技術短期大学部が併設された（2002年改組により医学部保健学科となる）。2003年（平成15）10月には九州芸術工科大学と統合、新たに芸術工学部、大学院に芸術工学府、芸術工学研究院ができた。2010年時点で、文学、教育学、法学、経済学、理学、医学、歯学、薬学、工学、芸術工学、農学の11学部体制。また大学院には人文科学府、人間環境学府、数理学府、医学系学府、総合理工学府など17の学府と比較社会文化研究院、法学研究院、言語文化研究院、システム情報科学研究院、農学研究院など16の研究院が置かれている。付置研究所として、生体防御医学研究所、応用力学研究所、先導物質化学研究所のほか、鉄鋼リサーチセンター、熱帯農学研究センターなど多くの特色ある研究施設を有する。本部は福岡市東区箱崎6-10-1。2004年4月、国立大学法人法の施行に伴い、国立大学法人となる。国立大学。1903年設置の京都帝国大学第二医科大学 (福岡医科大学) および新設の工科大学を合わせて 1911年に九州帝国大学として発足，その後 1919年農学部，1924年に法文学部，1939年に理学部を増設した。第2次世界大戦後九州大学と改称，さらに 1949年学制改革により旧制の福岡高等学校，久留米工業専門学校を包括して改編し新制の大学となった。文学部，教育学部，法学部，経済学部，理学部，医学部，歯学部，薬学部，工学部，農学部，2003年九州芸術工科大学と統合して設置された芸術工学部の 11学部を置く。1953年大学院を設置。生体防御医学研究所，応用力学研究所などを付設。本部所在地は福岡県福岡市。福岡市東区に本部のある国立大学法人。京都帝国大学の分科大学であった福岡医科大学と新設の工科大学が明治44年（1911）合併、旧制の九州帝国大学となり、昭和24年（1949）福岡高等学校・久留米工業専門学校を統合し、新制大学に移行。平成15年（2003）九州芸術工科大学を統合し芸術工学部とする。平成16年（2004）国立大学法人となる。
福岡市にある国立大学。旧制九州大学（1910年創立の九州帝国大学の後身），同付属医専（1939年創立），福岡高校（1921年），久留米工専（1939年）を統合し，1949年新制大学として発足。2004年４月より国立大学法人へ移行。文，教育，法，経済，理，医，歯，薬，工，農，芸術工学（2003年に九州芸術工科大学を統合して新設）の各学部（2012年４月現在）。生体防御医学，応用力学，先導物質科学などの各研究所を付設する。福岡市東区に本部をおく旧制帝大系の国立総合大学。淵源は1879年創設の県立福岡医学校。同校は89年に廃校になるが，その実体は県立福岡病院にひきつがれた。この病院を基礎に1903年，長年の大学設立運動の結果として京都帝国大学第二医科大学が設置され，福岡医科大学とよばれた(医学科と付属医院)。一方，足尾鉱毒事件で有名な古河鉱業の古河家から巨額の寄付金を得て工科大学増設の準備が進み，1910年九州帝国大学が設置され，翌年工科大学と医科大学を開設した(初代総長は元東京帝大総長の山川健次郎)。"
龍谷大学,私立。起源は、1639年（寛永16）に京都西本願寺境内に設立された学寮にさかのぼる。1900年（明治33）に仏教大学となり、1905年に専門学校令に基づき認可された。1922年（大正11）大学令による大学昇格、龍谷大学と改称。1949年（昭和24）新制大学に移行、翌1950年短期大学部を併設した。2010年（平成22）時点で、文学部、経済学部、経営学部、法学部、理工学部、社会学部、国際文化学部の7学部と、大学院法務研究科、実践真宗学研究科および各学部に大学院研究科をもつ。仏教の精神・親鸞(しんらん)の精神をもって建学の精神としている。本部は京都市伏見。仏教系の私立大学。寛永 16 (1639) 年に創建された西本願寺の学寮を起源とし，1888年大学林，1900年仏教大学と改称。 22年大学令により研究科，文学部，予科，専門部から成る龍谷大学となり，49年新制の大学に移行。文学，経済学，経営学，法学，理工学，社会学，国際文化学の7学部をおく。入学定員は 4170名 (1997) 。 50年に短期大学部を併設。 53年に大学院を設置した。本部は京都市伏見区。京都市伏見区にある浄土真宗系の私立大学。1639年西本願寺境内に開かれた学寮が起源。1655年幕府の閉鎖命令を受けて学林と改称。維新後，仏教以外の学問をも拡充し，1904年仏教大学を設立，1922年大学令による現名の大学となる。1949年予科，専門部を統合，新制大学として発足。文，経済，経営，法，理工，社会，国際文化，政策の各学部を置き仏教文化研究所を付設。仏教系の私立大学。寛永 16 (1639) 年に創建された西本願寺の学寮を起源とし，1888年大学林，1900年仏教大学と改称。 22年大学令により研究科，文学部，予科，専門部から成る龍谷大学となり，49年新制の大学に移行。文学，経済学，経営学，法学，理工学，社会学，国際文化学の7学部をおく。入学定員は 4170名 (1997) 。 50年に短期大学部を併設。 53年に大学院を設置した。本部は京都市伏見区。京都市伏見区にある浄土真宗系の私立大学。1639年西本願寺境内に開かれた学寮が起源。1655年幕府の閉鎖命令を受けて学林と改称。維新後，仏教以外の学問をも拡充し，1904年仏教大学を設立，1922年大学令による現名の大学となる。1949年予科，専門部を統合，新制大学として発足。文，経済，経営，法，理工，社会，国際文化，政策の各学部を置き仏教文化研究所を付設（2012年４月現在）。
順天堂大学,"私立。1873年（明治6）佐藤尚中が佐倉の順天堂塾に対して開いた東京の順天堂が起源で、1943年（昭和18）順天堂医学専門学校、1946年（昭和21）順天堂医科大学を経て、1951年、順天堂大学として新制大学に移行した。1971年体育学部を併置し、単に医学・体育の専門家養成だけでなく、医学および体育学を統合した健康教育指導者の育成を目的とする「健康大学」を目ざしている。2010年（平成22）時点で、医学部、スポーツ健康科学部、医療看護学部、保健看護学部の4学部と、医学、スポーツ健康科学、医療看護学の3大学院研究科、六つの附属病院をもつ。本部は東京都文京区本郷。
私立大学。天保9 (1838) 年，蘭方医佐藤泰然が江戸薬研堀に開いた塾を同 14年に千葉県佐倉に移し，順天堂と称した。安政6 (59) 年，養子佐藤尚中に家督を譲ったが，尚中は 1873年，東京下谷練塀町に順天堂を設け，佐倉順天堂を佐藤舜海に継がせた。東京の順天堂は 75年に御茶の水に移転した。ここは臨床教育の場として多数の見習医が研修したので，1943年に順天堂医学専門学校が設けられ，46年に旧制医科大学に昇格。 51年体育学部を新設して，新制順天堂大学となった。医学部，スポーツ健康科学部 (旧体育学部) をおき，入学定員は 370名 (1997) 。 59年大学院を設置。付属病院 (順天堂医院) ，高等看護専門学校などが付置されている。本部は東京都文京区本郷。東京都文京区に本部を置く私立大学。1943年創立の順天堂医学専門学校が，1946年医科大学に昇格，1951年現名の新制大学となった。起源は1838年佐藤泰然が江戸に開いた蘭方医塾の和田塾で，1943年佐倉に移り，医塾と病院を兼ねて順天堂と称した。医，スポーツ健康科学，医療看護，保健看護の各学部（2012年４月現在）。医学部は医学科のみ。スポーツ健康科学部にはスポーツ科学科とスポーツマネジメント学科，健康学科の３科がある。"
東京女子大学,私立。1910年（明治43）イギリスのエジンバラで開催されたプロテスタント6派によるキリスト教世界宣教会議で、アジアにキリスト教主義に基づいた最高学府設立の議がおこり、1918年（大正7）、アメリカとカナダの信者の寄付により東京女子大学として設立された。初代学長には新渡戸稲造(にとべいなぞう)、2代学長は安井てつの日本人教育者が就任。良妻賢母主義を女子教育の主流としていた風潮の時代に対して、キリスト教主義に基づくリベラル・エデュケーション（人間をすべての束縛から解放する自由学芸教育）を建学の精神とした。1948年（昭和23）新制大学となった。2010年（平成22）時点で、人文学、国際社会学、人間科学、数理科学の4学科からなる現代教養学部と、文学研究科、理学研究科、現代文化研究科、人間科学研究科の大学院をもつ。『新約聖書』の「ピリピ書」の一句「すべて真実なこと」（Quaecunque sunt vera）を標語として、アカデミズムの伝統を強調する女子高等教育に徹している。所在地は東京都杉並区善福寺。私立女子大学。キリスト教系。1910年イギリスのエディンバラで開催されたキリスト教世界宣教会議の決議に基づき，アメリカ合衆国，カナダ，日本 3国の関係者の協力により企画され，1918年専門学校令によって設立。初代学長は新渡戸稲造。キリスト教の精神，特に犠牲と奉仕を人格形成の根本方針としている。1948年新制の大学となり，文学部を置いた。1961年文理学部に改称，1988年短期大学部を改組して現代文化学部を増設。2009年文理学部と現代文化学部を統合し，現代教養学部を開設。1971年大学院を設置。ほかに比較文化研究所，女性学研究所を付置している。所在地は東京都杉並区。東京都杉並区に本部を置く私立女子大学。1918年米国とカナダのプロテスタント６派代表と日本側有志の協力により，現名の専門学校として創立。初代学長は新渡戸稲造，学監は安井てつ。1948年新制大学に移行。文理，現代文化，現代教養の各学部（2012年４月現在）。キリスト教精神に立つ独自の学風をもつ。東京都杉並区善福寺にある私立女子大学。1910年イギリスで開催された世界宣教師大会での女子高等教育機関設置の提議にこたえ，すでに日本で高等女学校を経営していたアメリカ，カナダのプロテスタント6教派代表と日本側有志との協力のもとに，18年東京角筈（つのはず）に開設された。初代学長に新渡戸稲造，学監に安井てつ(のち2代学長)を迎え，英文科，人文科，国文科，実務科あわせて76人の学生によってスタートしたが，キリスト教主義にたった個性の重視，人格の尊重，犠牲sacrificeと奉仕serviceの強調などの建学精神は，その後の伝統的学風となった。
琉球大学,"国立大学法人。1950年（昭和25）アメリカ軍政下の沖縄に設置され、英語学、教育学、社会科学、理学、農学、応用学芸学の6学部構成の大学であった。1972年沖縄の本土復帰に伴い国立大学に移管された。1977～1984年にかけ、キャンパスをそれまでの那覇(なは)市の首里城跡から西原(にしはら)町、中城(なかぐすく)村にまたがる現地に移転した。2010年（平成22）時点で、法文学、観光産業科学、教育学、理学、医学、工学、農学の7学部がある。大学院には人文社会科学、教育学、理工学、医学、保健学、農学、法務、観光科学の8研究科が設置されている。農学研究科は鹿児島大学大学院連合農学研究科に参加している。附属教育研究施設に熱帯生物圏研究センター（全国共同）などがある。2004年4月、国立大学法人法の施行に伴い、国立大学法人となる。本部所在地は沖縄県中頭(なかがみ)郡西原町字千原。国立大学法人。 1950年にアメリカ施政下の沖縄における唯一の総合大学として，首里城跡に創設された。 1966年琉球政府立大学となり，1972年沖縄の日本復帰に伴い国立大学となる。 2004年国立大学法人へ移行。法文，教育，理学，医学，工学，農学の6学部編成。 1977年大学院を設置。本部は沖縄県西原町にある。
沖縄県西原町にある国立大学。1950年米軍政府（のち民政府）の布令により，文教学校と外国語学校（ともに1947年設立）を母体として，那覇市の首里城跡に設立。1966年琉球政府立大学となり，1972年沖縄の本土復帰により国立となる。1984年新キャンパスに移転。2004年４月より国立大学法人へ移行。法文，教育，理，医，工，農，観光産業科の各学部を置く（2012年４月現在）。沖縄県中頭郡西原町に本部をおく国立総合大学。沖縄に高等教育機関を設立するのは県民多年の熱望であり，敗戦前にも専門学校設立運動が展開されたこともあったが，ついに実現しなかった。第2次大戦後，琉球米軍政部統治下で，高等学校の学生らによる大学設立運動が展開され，1950年5月，首里城跡に沖縄ではじめての琉球大学が開学，英語学部，教育学部，社会科学部，理学部，農学部，応用学芸部の6学部をおき，約560人の学生が入学した。"
筑波大学,"国立大学法人。1973年（昭和48）筑波研究学園都市の中核機関として、東京教育大学を母体に発展的に創設された新構想の大学。2002年（平成14）10月図書館情報大学と統合。伝統的な大学組織としての学部・学科を廃し、学生の教育組織としての「学群・学類」、教員の研究組織としての「学系」を設け、教育と研究の機能分化を図っている。学生の所属する学群には、第一学群（人文学類、社会学類、自然学類）、第二学群（比較文化学類、日本語・日本文化学類、人間学類、生物学類、生物資源学類）、第三学群（社会工学類、国際総合学類、情報学類、工学システム学類、工学基礎学類）、医学専門学群、体育専門学群、芸術専門学群、図書館情報専門学群の7学群があった。2007年第一学群・第二学群・第三学群、医学専門学群、図書館情報専門学群を改組し、人文・文化学群、社会・国際学群、人間学群、生命環境学群、理工学群、情報学群、医学群を設置。第一・第二・第三学群、図書館情報専門学群は学生募集を停止した。

国立の総合大学。1973年東京教育大学の筑波研究学園都市への移転を契機にして創立された，日本最初の新構想大学。開かれた大学を目指し，教育と研究の組織的な分離，学部を廃して全学的に自治管理を行なう新しい大学自治を特色とした。学部の代わりに学群，学科の代わりに学類を設け，第一学群，医学専門学群，体育専門学群をもって開学。1975年第二学群と芸術専門学群を，1977年第三学群を増設。2002年図書館情報大学との統合に伴い図書館情報専門学群を新設。2007年学群を改組・再編し，人文・文化学群，社会・国際学群，人間学群，生命環境学群，理工学群，情報学群，医学群を開設。1975年大学院を設置。付属病院，小学校，中学校，高等学校，特別支援学校などを併設。本部所在地は茨城県つくば市。茨城県つくば市にある国立大学。1974年開校。東京教育大学（1978年廃校）の移転という形で新構想の下に設立。設立をめぐって，大学の理念，制度の改廃といった争点で激しい論争が展開された。従来の学部・講座制等を廃し，６学群13学類を中心に構成。2002年図書館情報大学の統合にともない，新たに図書館情報専門学群が加わり，７学群15学類となった。2004年４月より国立大学法人へ移行。2007年学郡の改組・再編に伴い，９学群23学類となった。大学院，各種センター，付属病院，付属学校等を設置。茨城県新治郡の筑波研究学園都市にある国立総合大学。1960年代前半からの東京教育大学(1978閉学)の移転問題に発し，推進派と反対派の学内外の長期の抗争･対立を経て，73年学校教育法，国立学校設置法などを改定して設置された。開かれた新構想の大学をめざし，副学長制や参与会制度の導入による管理運営機構の中枢化，学部を置かず学群･学系制度による教育と研究の組織的分離などを実現したが，それは同時に大学の理念や制度改革をめぐる厳しい対決点をもはらんでいた。
　教員の所属する学系には、28学系（哲学・思想学、歴史・人類学、文芸・言語学、現代語・現代文化学、教育学、心理学、心身障害学、社会科学、社会工学、生物科学、農林学、農林工学、応用生物化学、数学、物理学、化学、地球科学、物理工学、物質工学、機能工学、電子・情報工学、体育科学、芸術学、基礎医学、臨床医学、社会医学、看護科学、図書館情報学）がある。大学院には専門職業人の養成を目的とするビジネス科学研究科、図書館情報メディア研究科などをはじめ、8研究科が設置されている。また学内には教育研究上のサービス提供を目的に、外国語センター、農林技術センター、生命領域学際研究センター、学術情報メディアセンターなど27の教育研究施設が設けられている。

　大学の管理運営面でも副学長制（教育、研究、学生生活、財務、組織、総務担当）を導入したり、従来の教授会にかわる学群、学系別の教員会議を置いたりなど、新しい試みを実施している。国際交流、大学開放などにも力を入れ、また早くから入学者選抜に推薦制を取り入れている。2004年4月、国立大学法人法の施行に伴い、国立大学法人となる。所在地は茨城県つくば市天王台"
東京学芸大学,国立大学法人。1949年（昭和24）、東京第一・第二・第三師範学校、東京青年師範学校を統合し、教育学部だけを置く国立の単科大学として発足。2010年（平成22）時点で、教育学部に教員養成課程（初等教育、中等教育、特別支援教育、養護教育）と、人間社会科学、国際理解教育、環境総合科学、情報教育、芸術スポーツ文化の各課程があり、大学院には教育学研究科（修士課程）が設置されている。また、1996年（平成8）には大学院連合学校教育学研究科が設置された。これは東京学芸大学、埼玉大学、千葉大学、横浜国立大学の連合により設置された後期3年のみの博士課程の研究科で、各大学の教育学部（横浜国立大学は教育人間科学部）および教育学研究科（修士課程）を基盤として編成されているが、それぞれの研究科とは独立している。学部附属教育研究施設等に、環境教育実践施設、教育実践研究支援センター、国際教育センターなどのほかに附属学校11校などがある。2004年4月、国立大学法人法の施行に伴い、国立大学法人となる。所在地は東京都小金井(こがねい)市貫井北町。国立大学法人。教員養成を主とする。 1949年東京都内の四つの師範学校を統合し，新制大学として開学，学芸学部を置いた。 1966年学芸学部を教育学部に改組。 1966年大学院を設置。付属学校として幼稚園，小学校，中学校，高等学校，特別支援学校等を設置。本部所在地は東京都小金井市。東京都小金井市にある国立大学法人。東京第一・第二・第三師範学校、東京青年師範学校を統合し、昭和24年（1949）新制大学として発足。平成16年（2004）国立大学法人となる。東京都小金井市にある国立大学。教員養成を目的とする。1949年，東京第一，第二，第三の各師範学校（いずれも1943年創立）と東京青年師範学校（1944年）を統合，新制大学として発足。2004年４月より国立大学法人へ移行。教育学部のみ（2012年４月現在）。東京都小金井市にある国立大学。東京第一師範学校男子部(1876年東京府師範学校として創設，後に青山師範学校と改称)，同女子部(1900年東京府女子師範学校として竹早町に創設)，東京第二師範学校男子部(1908年東京府豊島師範学校として創設)，同女子部(1943年追分国民学校に設置)，東京第三師範学校(1938年東京府大泉師範学校として創設)，東京青年師範学校(1944年設置)の6校を合併して，1949年に新制大学として発足した。
専修大学,"私立。1880年（明治13）アメリカに留学経験のある相馬永胤(そうまながたね)（1850―1924）、田尻稲次郎(たじりいなじろう)（1850―1923）、目賀田種太郎(めがたたねたろう)（1853―1926）、駒井重格(こまいしげただ)（1853―1901）により、日本の青年に知識を移植しようとしてつくられた、日本語による講義の法律・経済専攻の夜間二年制の専修学校を起源とする。1903年（明治36）専門学校令による専修大学（専門部）となり、1922年（大正11）大学令による大学となった。1949年（昭和24）新制大学に移行。2014年（平成26）時点で、経済学（一部・二部）、法学（一部・二部）、経営学、商学（一部・二部）、文学、ネットワーク情報学、人間科学の各学部と、経済学、法学、文学、経営学、商学、法務の各研究科からなる大学院、ならびに宮城県石巻(いしのまき)市に理工学、経営学、人間学の3学部と、理工学、経営学の各研究科からなる大学院をもつ石巻専修大学を併設する。本部は東京都千代田区神田神保町。
私立大学。 1880年田尻稲次郎，目賀田種太郎らが東京京橋に開設した専修学校が起源で，法律，経済を教える2年制の夜学であった。 1913年専修大学と改称，22年大学令による大学に昇格，49年新制の大学となった。経済学，法学，商学 (それぞれ第1，2部) ，経営学，文学の5学部をおく。入学定員は 4270名 (1997) 。 53年に大学院設置。本部は東京都千代田区神田神保町にある。
東京都千代田区に本部を置く私立大学。1880年法律・経済専攻の専修学校（夜間）として創立，1913年専修大学と改称，1923年大学令による大学となり，1949年予科・専門部を統合し新制大学として発足。経済，法，経営，商，文，ネットワーク情報，人間科学の各学部（2012年４月現在）。短期大学等を併設。社会科学研究所等を付設。東京都千代田区神田神保町に本部をおく私立大学。1880年，アメリカ留学から帰国した相馬永胤，田尻稲次郎ら4名を中心に，慶応義塾夜間法律科，箕作秋坪の三叉学舎法律経済科，彼ら自身の東京攻法館法律科を統合，福沢諭吉の簿記講習所を仮校舎として京橋区木挽町に開設された夜間2年制の〈専修学校〉を起源とする。学問は一技一芸を専修し，〈実用ノ知識ト技能トヲ併具スル〉人格の養成を目的とした。外国語に不慣れの多数の勤労青年に法律学修得の道を開くため，日本語による講義を特色とした。"
神奈川大学,私立。1929年（昭和4）米田吉盛(よねだよしもり)（1898―1987）創設の横浜専門学校を母体とし、1949年（昭和24）新制大学として設置された。法学、経済学、外国語学、人間科学、工学、経営学、理学の7学部、各学部と歴史民俗資科学および法務の9研究科の大学院からなり、旧制専門学校当時からの貿易学科（現、現代ビジネス学科）や外国語学部などに特色がある。所在地は横浜市神奈川区六角橋3-27-1および神奈川県平塚市土屋。私立大学。 1928年米田吉盛によって創立された横浜学院を基礎に，翌 29年横浜専門学校を創設，これを母体に 49年4年制大学として発足した。法学，経済学，経営学，外国語学，工学，理学の6学部をおき，法学部，経済学部，工学部には2部がある。入学定員は 3625名 (1997) 。 67年に大学院を設置。日本常民文化研究所などが併設されている。本部は横浜市神奈川区六角橋。横浜市に本部を置く私立大学。1928年横浜学院として創立，1929年横浜専門学校と改称，1949年神奈川大学となる。法，経済，外国語，工，理，経営，人間科学の各学部をもち，日本常民文化研究所などがある（2012年４月現在）。私立。1929年（昭和4）米田吉盛(よねだよしもり)（1898―1987）創設の横浜専門学校を母体とし、1949年（昭和24）新制大学として設置された。法学、経済学、外国語学、人間科学、工学、経営学、理学の7学部、各学部と歴史民俗資科学および法務の9研究科の大学院からなり、旧制専門学校当時からの貿易学科（現、現代ビジネス学科）や外国語学部などに特色がある。所在地は横浜市神奈川区六角橋3-27-1および神奈川県平塚市土屋2946。
